-- QUEST FIXES
-- Torch Tossing (11731), ally
-- More Torch Tossing (11921)
UPDATE quest_template SET LimitTime=40, SourceSpellId=45716 WHERE Id=11731;
UPDATE quest_template SET PrevQuestId=11731, LimitTime=90, SourceSpellId=46630 WHERE Id=11921;

-- Torch Tossing (11922), horde
-- More Torch Tossing (11926)
UPDATE quest_template SET LimitTime=40, SourceSpellId=45716 WHERE Id=11922;
UPDATE quest_template SET PrevQuestId=11922, LimitTime=90, SourceSpellId=46630 WHERE Id=11926;

-- Quest script
UPDATE creature_template SET ScriptName="npc_midsummer_torch_target" WHERE entry=25535;
DELETE FROM spell_script_names WHERE spell_id IN(46630, 45716);
INSERT INTO spell_script_names VALUES(46630, "spell_midsummer_torch_quest");
INSERT INTO spell_script_names VALUES(45716, "spell_midsummer_torch_quest");
DELETE FROM conditions WHERE SourceTypeOrReferenceId=13 AND SourceEntry=46054;
INSERT INTO conditions VALUES (13, 1, 46054, 0, 0, 31, 0, 3, 25535, 0, 0, 0, 0, '', '');

-- Torch Catching (11657)
-- More Torch Catching (11924)
-- Torch Catching (11923)
-- More Torch Catching (11925)
UPDATE quest_template SET PrevQuestId=11657 WHERE Id=11924;
UPDATE quest_template SET PrevQuestId=11923 WHERE Id=11925;
DELETE FROM disables WHERE entry=45669 AND sourceType=0 AND flags=64;
INSERT INTO disables VALUES(0, 45669, 64, '', '', 'Disable LOS for Torch Catching quests');

-- quest script
DELETE FROM spell_script_names WHERE spell_id IN(46747, 45671);
INSERT INTO spell_script_names VALUES(46747, "spell_midsummer_fling_torch");
INSERT INTO spell_script_names VALUES(45671, "spell_midsummer_fling_torch");
DELETE FROM conditions WHERE SourceTypeOrReferenceId=13 AND SourceEntry=45671;
INSERT INTO conditions VALUES (13, 1, 45671, 0, 0, 31, 0, 4, 0, 0, 0, 0, 0, '', '');
DELETE FROM conditions WHERE SourceTypeOrReferenceId=13 AND SourceEntry=45676;
INSERT INTO conditions VALUES (13, 5, 45676, 0, 0, 31, 0, 4, 0, 0, 0, 0, 0, '', '');

REPLACE INTO creature_loot_template VALUES(25863, 35277, -100, 1, 0, 1, 1);
REPLACE INTO creature_loot_template VALUES(25866, 35277, -100, 1, 0, 1, 1);
REPLACE INTO creature_loot_template VALUES(25924, 35277, -100, 1, 0, 1, 1);

-- Evil Draws Near (10923)
UPDATE creature_template SET AIName='SmartAI', ScriptName='' WHERE entry=21967;
DELETE FROM smart_scripts WHERE entryorguid IN(-76742, 21967) AND source_type=0;
INSERT INTO smart_scripts VALUES (-76742, 0, 0, 0, 25, 0, 100, 0, 0, 0, 0, 0, 22, 1, 0, 0, 0, 0, 0, 1, 0, 0, 0, 0, 0, 0, 0, 'Auchenai Death-Spirit - On Reset - Set Event Phase');
INSERT INTO smart_scripts VALUES (-76742, 0, 1, 0, 60, 1, 100, 0, 400, 6000, 4000, 8000, 11, 38155, 2, 1, 0, 0, 0, 11, 21967, 100, 0, 0, 0, 0, 0, 'Auchenai Death-Spirit - On Update - Cast Strength of Death');
INSERT INTO smart_scripts VALUES (-76742, 0, 2, 3, 8, 0, 100, 0, 39259, 0, 0, 0, 22, 2, 0, 0, 0, 0, 0, 1, 0, 0, 0, 0, 0, 0, 0, 'Auchenai Death-Spirit - On Spell Hit - Set Event Phase');
INSERT INTO smart_scripts VALUES (-76742, 0, 3, 0, 61, 0, 100, 0, 0, 0, 0, 0, 45, 1, 1, 0, 0, 0, 0, 10, 247237, 22441, 1, 0, 0, 0, 0, 'Auchenai Death-Spirit - On Spell Hit - Set Data');
INSERT INTO smart_scripts VALUES (-76742, 0, 4, 0, 60, 2, 100, 0, 15000, 15000, 15000, 15000, 22, 1, 0, 0, 0, 0, 0, 1, 0, 0, 0, 0, 0, 0, 0, 'Auchenai Death-Spirit - On Update - Set Event Phase');
DELETE FROM creature WHERE id=22441;
INSERT INTO creature VALUES (247237, 22441, 530, 1, 1, 0, 0, -3400.86, 4665.3, 99.6544, 4.62677, 300, 0, 0, 29570, 0, 0, 0, 0, 0);
REPLACE INTO creature_template_addon VALUES (22441, 0, 0, 50331648, 0, 0, '');
UPDATE creature_template SET unit_flags=unit_flags|0x300, InhabitType=7, AIName='SmartAI', ScriptName='' WHERE entry=22441;
DELETE FROM smart_scripts WHERE entryorguid=22441 AND source_type=0;
INSERT INTO smart_scripts VALUES (22441, 0, 0, 1, 38, 0, 100, 0, 1, 1, 0, 0, 48, 1, 0, 0, 0, 0, 0, 1, 0, 0, 0, 0, 0, 0, 0, 'Teribus the Cursed - On Data Set - Set Active');
INSERT INTO smart_scripts VALUES (22441, 0, 1, 0, 61, 0, 100, 0, 0, 0, 0, 0, 69, 1, 0, 0, 0, 0, 0, 8, 0, 0, 0, -3398.96, 4466.33, -11.18, 0, 'Teribus the Cursed - On Data Set - Move To Position');
INSERT INTO smart_scripts VALUES (22441, 0, 2, 3, 34, 0, 100, 0, 8, 1, 0, 0, 5, 293, 0, 0, 0, 0, 0, 1, 0, 0, 0, 0, 0, 0, 0, 'Teribus the Cursed - Movement Inform - Play Emote');
INSERT INTO smart_scripts VALUES (22441, 0, 3, 4, 61, 0, 100, 0, 0, 0, 0, 0, 48, 0, 0, 0, 0, 0, 0, 1, 0, 0, 0, 0, 0, 0, 0, 'Teribus the Cursed - On Data Set - Set Active off');
INSERT INTO smart_scripts VALUES (22441, 0, 4, 5, 61, 0, 100, 0, 0, 0, 0, 0, 22, 1, 0, 0, 0, 0, 0, 1, 0, 0, 0, 0, 0, 0, 0, 'Teribus the Cursed - On Data Set - Set Event Phase');
INSERT INTO smart_scripts VALUES (22441, 0, 5, 0, 61, 0, 100, 0, 0, 0, 0, 0, 101, 0, 0, 0, 0, 0, 0, 1, 0, 0, 0, 0, 0, 0, 0, 'Teribus the Cursed - On Data Set - Set Home Position');
INSERT INTO smart_scripts VALUES (22441, 0, 6, 7, 60, 1, 100, 1, 2000, 2000, 0, 0, 19, 768, 0, 0, 0, 0, 0, 1, 0, 0, 0, 0, 0, 0, 0, 'Teribus the Cursed - On Update - Remove Unit Flags');
INSERT INTO smart_scripts VALUES (22441, 0, 7, 0, 61, 0, 100, 1, 0, 0, 0, 0, 49, 0, 0, 0, 0, 0, 0, 21, 70, 0, 0, 0, 0, 0, 0, 'Teribus the Cursed - On Update - Attack Start');
INSERT INTO smart_scripts VALUES (22441, 0, 8, 0, 7, 0, 100, 0, 0, 0, 0, 0, 101, 1, 0, 0, 0, 0, 0, 1, 0, 0, 0, 0, 0, 0, 0, 'Teribus the Cursed - On Data Set - Set Home Position');
DELETE FROM event_scripts WHERE id=14484;
DELETE FROM spell_script_names WHERE spell_id IN(39239, 39256, 39257, 39259);
INSERT INTO spell_script_names VALUES (39239, 'spell_q10923_evil_draws_near_summon');
INSERT INTO spell_script_names VALUES (39259, 'spell_q10923_evil_draws_near_periodic');
INSERT INTO spell_script_names VALUES (39256, 'spell_q10923_evil_draws_near_visual');
INSERT INTO spell_script_names VALUES (39257, 'spell_q10923_evil_draws_near_visual');

-- Gameobject Frozen Phylactery 188141 SAI
SET @ENTRY := 188141;
UPDATE `gameobject_template` SET `AIName`="SmartGameObjectAI" WHERE `entry`= @ENTRY;
DELETE FROM `smart_scripts` WHERE `entryorguid`=@ENTRY AND `source_type`=1;
INSERT INTO `smart_scripts` (`entryorguid`, `source_type`, `id`, `link`, `event_type`, `event_phase_mask`, `event_chance`, `event_flags`, `event_param1`, `event_param2`, `event_param3`, `event_param4`, `action_type`, `action_param1`, `action_param2`, `action_param3`, `action_param4`, `action_param5`, `action_param6`, `target_type`, `target_param1`, `target_param2`, `target_param3`, `target_x`, `target_y`, `target_z`, `target_o`, `comment`) VALUES
(@ENTRY, 1, 0, 0, 70, 0, 100, 0, 2, 0, 0, 0, 41, 2000, 0, 0, 0, 0, 0, 1, 0, 0, 0, 0, 0, 0, 0, "On loot state changed to GO_ACTIVATED - Self: Despawn in 2000 ms // ");

-- Gameobject Wolfsbane Root 189313 SAI
SET @ENTRY := 189313;
UPDATE `gameobject_template` SET `AIName`="SmartGameObjectAI" WHERE `entry`= @ENTRY;
DELETE FROM `smart_scripts` WHERE `entryorguid`=@ENTRY AND `source_type`=1;
INSERT INTO `smart_scripts` (`entryorguid`, `source_type`, `id`, `link`, `event_type`, `event_phase_mask`, `event_chance`, `event_flags`, `event_param1`, `event_param2`, `event_param3`, `event_param4`, `action_type`, `action_param1`, `action_param2`, `action_param3`, `action_param4`, `action_param5`, `action_param6`, `target_type`, `target_param1`, `target_param2`, `target_param3`, `target_x`, `target_y`, `target_z`, `target_o`, `comment`) VALUES
(@ENTRY, 1, 0, 0, 70, 0, 100, 0, 2, 0, 0, 0, 41, 0, 0, 0, 0, 0, 0, 1, 0, 0, 0, 0, 0, 0, 0, "On loot state changed to GO_ACTIVATED - Self: Despawn instantly // ");


-- Ghost-o-plasm Round Up (6134)
UPDATE gameobject_template SET AIName='SmartGameObjectAI' WHERE entry=177746;
DELETE FROM smart_scripts WHERE entryorguid IN (177746) AND source_type=1;
INSERT INTO smart_scripts VALUES (177746, 1, 0, 0, 60, 0, 100, 0, 3000, 3000,   35000, 35000, 12, 11560, 4, 25000, 0, 0, 0, 1, 0, 0, 0, 20, 11, 0, 0, 'On update - summon creature');
INSERT INTO smart_scripts VALUES (177746, 1, 1, 0, 60, 0, 100, 0, 10000, 10000, 35000, 35000, 12, 11560, 4, 25000, 0, 0, 0, 1, 0, 0, 0, -20, -11, 0, 0, 'On update - summon creature');
INSERT INTO smart_scripts VALUES (177746, 1, 2, 0, 60, 0, 100, 0, 17000, 17000, 35000, 35000, 12, 11560, 4, 25000, 0, 0, 0, 1, 0, 0, 0, 0, -25, 0, 0, 'On update - summon creature');
INSERT INTO smart_scripts VALUES (177746, 1, 3, 0, 60, 0, 100, 0, 24000, 24000, 35000, 35000, 12, 11560, 4, 25000, 0, 0, 0, 1, 0, 0, 0, 8, 21, 0, 0, 'On update - summon creature');
INSERT INTO smart_scripts VALUES (177746, 1, 4, 0, 60, 0, 100, 0, 31000, 31000, 35000, 35000, 12, 11560, 4, 25000, 0, 0, 0, 1, 0, 0, 0, -20, 11, 0, 0, 'On update - summon creature');
UPDATE creature_template SET AIName='SmartAI' WHERE entry=11560;
DELETE FROM smart_scripts WHERE entryorguid IN(11560) AND source_type=0;
INSERT INTO smart_scripts VALUES (11560, 0, 0, 0, 37, 0, 100, 0, 0, 0, 0, 0, 2, 15, 0, 0, 0, 0, 0, 1, 0, 0, 0, 0, 0, 0, 0, 'AI Init - Set faction');
INSERT INTO smart_scripts VALUES (11560, 0, 1, 2, 25, 0, 100, 0, 0, 0, 0, 0, 11, 17327, 0, 0, 0, 0, 0, 1, 0, 0, 0, 0, 0, 0, 0, 'On Reset - Cast spell');
INSERT INTO smart_scripts VALUES (11560, 0, 2, 0, 61, 0, 100, 0, 0, 0, 0, 0, 11, 18146, 0, 0, 0, 0, 0, 1, 0, 0, 0, 0, 0, 0, 0, 'Linked - Cast spell');
INSERT INTO smart_scripts VALUES (11560, 0, 3, 0, 60, 0, 100, 1, 1000, 1000, 0, 0, 69, 0, 0, 0, 0, 0, 0, 20, 177746, 40, 0, 0, 0, 0, 0, 'Linked - Move to pos');
INSERT INTO smart_scripts VALUES (11560, 0, 4, 0, 0, 0, 100, 0, 10000, 15000, 45000, 50000, 11, 18159, 0, 0, 0, 0, 0, 2, 0, 0, 0, 0, 0, 0, 0, 'IC Update - cast spell');
INSERT INTO smart_scripts VALUES (11560, 0, 5, 6, 34, 0, 100, 1, 8, 0, 0, 0, 28, 17327, 0, 0, 0, 0, 0, 1, 0, 0, 0, 0, 0, 0, 0, 'Movement Inform - remove aura');
INSERT INTO smart_scripts VALUES (11560, 0, 6, 7, 61, 0, 100, 0, 0, 0, 0, 0, 11, 18951, 0, 0, 0, 0, 0, 1, 0, 0, 0, 0, 0, 0, 0, 'Linked - Cast Spell');
INSERT INTO smart_scripts VALUES (11560, 0, 7, 0, 61, 0, 100, 0, 0, 0, 0, 0, 2, 14, 0, 0, 0, 0, 0, 1, 0, 0, 0, 0, 0, 0, 0, 'Linked - Set faction');

-- Investigate the Blue Recluse (1920)
-- Investigate the Alchemist Shop (1960)
DELETE FROM creature_text WHERE entry=6492;
INSERT INTO creature_text VALUES(6492, 0, 0, "%s fades into void.", 16, 0, 100, 0, 0, 0, 0, "Rift Spawn");
DELETE FROM creature_addon WHERE guid IN(SELECT guid FROM creature WHERE id IN(6492));
DELETE FROM creature WHERE id IN(6492);
INSERT INTO creature VALUES (NULL, 6492, 0, 1, 1, 0, 0, 1412.97, 343.782, -66.0015, 4.86227, 300, 0, 0, 386, 0, 0, 0, 0, 0),(NULL, 6492, 0, 1, 1, 0, 0, 1401.55, 365.922, -66.0367, 2.66709, 300, 0, 0, 356, 0, 0, 0, 0, 0),(NULL, 6492, 0, 1, 1, 0, 0, 1420.45, 355.246, -65.9999, 5.49688, 300, 0, 0, 356, 0, 0, 0, 0, 0),(NULL, 6492, 0, 1, 1, 0, 0, 1418.05, 366.824, -66.0008, 0.385505, 300, 0, 0, 386, 0, 0, 0, 0, 0),(NULL, 6492, 0, 1, 1, 0, 0, 1402.58, 342.868, -66.0167, 4.58503, 300, 0, 0, 356, 0, 0, 0, 0, 0),
(NULL, 6492, 0, 1, 1, 0, 0, 1406.46, 355.153, -66.0258, 5.85502, 300, 0, 0, 386, 0, 0, 0, 0, 0),(NULL, 6492, 0, 1, 1, 0, 0, -9099.67, 838.26, 105.125, 5.4906, 300, 0, 0, 386, 0, 0, 0, 0, 0),(NULL, 6492, 0, 1, 1, 0, 0, -9110.85, 830.738, 97.6299, 3.31741, 300, 0, 0, 356, 0, 0, 0, 0, 0),(NULL, 6492, 0, 1, 1, 0, 0, -9098.44, 832.942, 97.6299, 6.13699, 300, 0, 0, 386, 0, 0, 0, 0, 0),(NULL, 6492, 0, 1, 1, 0, 0, -9112.82, 840.837, 98.9648, 3.55695, 300, 0, 0, 356, 0, 0, 0, 0, 0),(NULL, 6492, 0, 1, 1, 0, 0, -9106.64, 838.22, 105.12, 3.30955, 300, 0, 0, 386, 0, 0, 0, 0, 0);
DELETE FROM conditions WHERE SourceTypeOrReferenceId IN(13) AND SourceEntry IN(9095);
INSERT INTO conditions VALUES(13, 1, 9095, 0, 0, 31, 0, 3, 6492, 0, 0, 0, 0, '', '');
DELETE FROM conditions WHERE SourceTypeOrReferenceId IN(13, 17) AND SourceEntry IN(9082);
INSERT INTO conditions VALUES(13, 1, 9082, 0, 0, 31, 0, 3, 6492, 0, 0, 0, 0, '', '');
INSERT INTO conditions VALUES(13, 1, 9082, 0, 0, 1, 0, 9032, 0, 0, 0, 0, 0, '', '');
UPDATE creature_template SET AIName='SmartAI' WHERE entry=6492;
DELETE FROM smart_scripts WHERE entryorguid=6492 AND source_type=0;
INSERT INTO smart_scripts VALUES(6492, 0, 0, 1, 25, 0, 100, 0, 0, 0, 0, 0, 11, 9093, 0, 0, 0, 0, 0, 1, 0, 0, 0, 0, 0, 0, 0, "Cast spell on self on reset");
INSERT INTO smart_scripts VALUES(6492, 0, 1, 2, 61, 0, 100, 0, 0, 0, 0, 0, 42, 1, 0, 0, 0, 0, 0, 1, 0, 0, 0, 0, 0, 0, 0, "Linked - Set Invincibility HP Level");
INSERT INTO smart_scripts VALUES(6492, 0, 2, 0, 61, 0, 100, 0, 0, 0, 0, 0, 22, 0, 0, 0, 0, 0, 0, 1, 0, 0, 0, 0, 0, 0, 0, "Linked - Set phase mask");
INSERT INTO smart_scripts VALUES(6492, 0, 3, 4, 8, 0, 100, 0, 9095, 0, 0, 0, 28, 9093, 0, 0, 0, 0, 0, 1, 0, 0, 0, 0, 0, 0, 0, "On spell hit remove aura");
INSERT INTO smart_scripts VALUES(6492, 0, 4, 0, 61, 0, 100, 0, 0, 0, 0, 0, 22, 1, 0, 0, 0, 0, 0, 1, 0, 0, 0, 0, 0, 0, 0, "Linked - Set phase mask");
INSERT INTO smart_scripts VALUES(6492, 0, 5, 6, 2, 1, 100, 0, 0, 1, 30000, 30000, 11, 9032, 0, 0, 0, 0, 0, 1, 0, 0, 0, 0, 0, 0, 0, "On HP Update cast spell");
INSERT INTO smart_scripts VALUES(6492, 0, 6, 7, 61, 0, 100, 0, 0, 0, 0, 0, 41, 30000, 0, 0, 0, 0, 0, 1, 0, 0, 0, 0, 0, 0, 0, "Linked - force despawn");
INSERT INTO smart_scripts VALUES(6492, 0, 7, 0, 61, 0, 100, 0, 0, 0, 0, 0, 22, 2, 0, 0, 0, 0, 0, 1, 0, 0, 0, 0, 0, 0, 0, "Linked - set phase");
INSERT INTO smart_scripts VALUES(6492, 0, 8, 0, 60, 2, 100, 0, 29000, 29000, 10000, 10000, 1, 0, 0, 0, 0, 0, 0, 1, 0, 0, 0, 0, 0, 0, 0, "On Update say text");
INSERT INTO smart_scripts VALUES(6492, 0, 9, 10, 38, 2, 100, 0, 1, 0, 0, 0, 28, 0, 0, 0, 0, 0, 0, 1, 0, 0, 0, 0, 0, 0, 0, "On Data Set - remove all auras");
INSERT INTO smart_scripts VALUES(6492, 0, 10, 11, 61, 0, 100, 0, 0, 0, 0, 0, 11, 9010, 0, 0, 0, 0, 0, 1, 0, 0, 0, 0, 0, 0, 0, "Linked - cast spell");
INSERT INTO smart_scripts VALUES(6492, 0, 11, 0, 61, 0, 100, 0, 0, 0, 0, 0, 41, 2500, 0, 0, 0, 0, 0, 1, 0, 0, 0, 0, 0, 0, 0, "Linked - force despawn");
UPDATE gameobject_template SET AIName='SmartGameObjectAI' WHERE entry=122088;
DELETE FROM smart_scripts WHERE entryorguid IN (122088) AND source_type=1;
INSERT INTO smart_scripts VALUES (122088, 1, 0, 1, 64, 0, 100, 1, 0, 0, 0, 0, 45, 1, 0, 0, 0, 0, 0, 19, 6492, 5, 0, 0, 0, 0, 0, 'On gossip hello - Set Data');
INSERT INTO smart_scripts VALUES (122088, 1, 1, 0, 61, 0, 100, 0, 0, 0, 0, 0, 22, 1, 0, 0, 0, 0, 0, 1, 0, 0, 0, 0, 0, 0, 0, 'Linked - Set Phase');
INSERT INTO smart_scripts VALUES (122088, 1, 2, 0, 60, 1, 100, 0, 2500, 2500, 0, 0, 41, 0, 0, 0, 0, 0, 0, 1, 0, 0, 0, 0, 0, 0, 0, 'On Update - Force Despawn');


-- Heated Battle (12416)
-- Heated Battle (12448)
UPDATE creature SET spawntimesecs=20 WHERE id IN(27531, 27685, 27686);
UPDATE creature_template SET spell1=40504, AIName='', ScriptName='npc_heated_battle', flags_extra = flags_extra|64 WHERE entry=27531;
UPDATE creature_template SET spell1=50361, AIName='', ScriptName='npc_heated_battle', flags_extra = flags_extra|64 WHERE entry=27685;
UPDATE creature_template SET AIName='', ScriptName='npc_heated_battle', flags_extra = flags_extra|64 WHERE entry=27686;
DELETE FROM smart_scripts WHERE entryorguid IN(27531, 27685, 27686) AND source_type=0;
UPDATE `creature_template` SET `ScriptName`='npc_heated_battle' WHERE  `entry`=27533;



--
SET @CGUID = 87530; -- creature GUIDs (14 creatures)

SET @IMMUNEMASK = (1|2|4|16|32|64|128|256|512|2048|4096|8192|65536|131072|524288|4194304|8388608|67108864|536870912);
-- Correct immunity mask (all bosses)
UPDATE `creature_template` SET `mechanic_immune_mask` = @IMMUNEMASK WHERE `entry` IN (28684,31612);
UPDATE `creature_template` SET `mechanic_immune_mask` = (@IMMUNEMASK|33554432) WHERE `entry` IN (28921,29120,31611,31610);

DELETE FROM `creature_template` WHERE `entry` IN (28730, 28729, 28731, 28732, 28734, 28733);
INSERT INTO `creature_template` (`entry`, `difficulty_entry_1`, `difficulty_entry_2`, `difficulty_entry_3`, `KillCredit1`, `KillCredit2`, `modelid1`, `modelid2`, `modelid3`, `modelid4`, `name`, `subname`, `IconName`, `gossip_menu_id`, `minlevel`, `maxlevel`, `exp`, `faction`, `npcflag`, `speed_walk`, `speed_run`, `scale`, `rank`, `mindmg`, `maxdmg`, `dmgschool`, `attackpower`, `dmg_multiplier`, `baseattacktime`, `rangeattacktime`, `unit_class`, `unit_flags`, `unit_flags2`, `dynamicflags`, `family`, `trainer_type`, `trainer_spell`, `trainer_class`, `trainer_race`, `minrangedmg`, `maxrangedmg`, `rangedattackpower`, `type`, `type_flags`, `lootid`, `pickpocketloot`, `skinloot`, `resistance1`, `resistance2`, `resistance3`, `resistance4`, `resistance5`, `resistance6`, `spell1`, `spell2`, `spell3`, `spell4`, `spell5`, `spell6`, `spell7`, `spell8`, `PetSpellDataId`, `VehicleId`, `mingold`, `maxgold`, `AIName`, `MovementType`, `InhabitType`, `HoverHeight`, `Health_mod`, `Mana_mod`, `Armor_mod`, `RacialLeader`, `questItem1`, `questItem2`, `questItem3`, `questItem4`, `questItem5`, `questItem6`, `movementId`, `RegenHealth`, `mechanic_immune_mask`, `flags_extra`, `ScriptName`, `VerifiedBuild`) VALUES ('28729', '31616', '0', '0', '0', '0', '23984', '0', '0', '0', 'Watcher Narjil', '', '', '0', '74', '74', '2', '21', '0', '1', '1.42857', '1', '1', '328', '467', '0', '354', '7', '2000', '2000', '1', '64', '2048', '0', '0', '0', '0', '0', '0', '287', '426', '63', '6', '8', '0', '0', '70205', '0', '0', '0', '0', '0', '0', '0', '0', '0', '0', '0', '0', '0', '0', '0', '0', '0', '0', 'SmartAI', '0', '3', '1', '8', '1', '1', '0', '0', '0', '0', '0', '0', '0', '0', '1', '650854271', '2097152', '', '1');
INSERT INTO `creature_template` (`entry`, `difficulty_entry_1`, `difficulty_entry_2`, `difficulty_entry_3`, `KillCredit1`, `KillCredit2`, `modelid1`, `modelid2`, `modelid3`, `modelid4`, `name`, `subname`, `IconName`, `gossip_menu_id`, `minlevel`, `maxlevel`, `exp`, `faction`, `npcflag`, `speed_walk`, `speed_run`, `scale`, `rank`, `mindmg`, `maxdmg`, `dmgschool`, `attackpower`, `dmg_multiplier`, `baseattacktime`, `rangeattacktime`, `unit_class`, `unit_flags`, `unit_flags2`, `dynamicflags`, `family`, `trainer_type`, `trainer_spell`, `trainer_class`, `trainer_race`, `minrangedmg`, `maxrangedmg`, `rangedattackpower`, `type`, `type_flags`, `lootid`, `pickpocketloot`, `skinloot`, `resistance1`, `resistance2`, `resistance3`, `resistance4`, `resistance5`, `resistance6`, `spell1`, `spell2`, `spell3`, `spell4`, `spell5`, `spell6`, `spell7`, `spell8`, `PetSpellDataId`, `VehicleId`, `mingold`, `maxgold`, `AIName`, `MovementType`, `InhabitType`, `HoverHeight`, `Health_mod`, `Mana_mod`, `Armor_mod`, `RacialLeader`, `questItem1`, `questItem2`, `questItem3`, `questItem4`, `questItem5`, `questItem6`, `movementId`, `RegenHealth`, `mechanic_immune_mask`, `flags_extra`, `ScriptName`, `VerifiedBuild`) VALUES ('28730', '31615', '0', '0', '0', '0', '23568', '0', '0', '0', 'Watcher Gashra', '', '', '0', '74', '74', '2', '21', '0', '1', '1.42857', '1', '1', '328', '467', '0', '354', '7', '2000', '2000', '1', '64', '2048', '0', '0', '0', '0', '0', '0', '287', '426', '63', '6', '72', '0', '0', '70205', '0', '0', '0', '0', '0', '0', '0', '0', '0', '0', '0', '0', '0', '0', '0', '0', '0', '0', 'SmartAI', '0', '3', '1', '8', '1', '1', '0', '0', '0', '0', '0', '0', '0', '0', '1', '650854271', '2097152', '', '1');
INSERT INTO `creature_template` (`entry`, `difficulty_entry_1`, `difficulty_entry_2`, `difficulty_entry_3`, `KillCredit1`, `KillCredit2`, `modelid1`, `modelid2`, `modelid3`, `modelid4`, `name`, `subname`, `IconName`, `gossip_menu_id`, `minlevel`, `maxlevel`, `exp`, `faction`, `npcflag`, `speed_walk`, `speed_run`, `scale`, `rank`, `mindmg`, `maxdmg`, `dmgschool`, `attackpower`, `dmg_multiplier`, `baseattacktime`, `rangeattacktime`, `unit_class`, `unit_flags`, `unit_flags2`, `dynamicflags`, `family`, `trainer_type`, `trainer_spell`, `trainer_class`, `trainer_race`, `minrangedmg`, `maxrangedmg`, `rangedattackpower`, `type`, `type_flags`, `lootid`, `pickpocketloot`, `skinloot`, `resistance1`, `resistance2`, `resistance3`, `resistance4`, `resistance5`, `resistance6`, `spell1`, `spell2`, `spell3`, `spell4`, `spell5`, `spell6`, `spell7`, `spell8`, `PetSpellDataId`, `VehicleId`, `mingold`, `maxgold`, `AIName`, `MovementType`, `InhabitType`, `HoverHeight`, `Health_mod`, `Mana_mod`, `Armor_mod`, `RacialLeader`, `questItem1`, `questItem2`, `questItem3`, `questItem4`, `questItem5`, `questItem6`, `movementId`, `RegenHealth`, `mechanic_immune_mask`, `flags_extra`, `ScriptName`, `VerifiedBuild`) VALUES ('28731', '31617', '0', '0', '0', '0', '25729', '0', '0', '0', 'Watcher Silthik', '', '', '0', '74', '74', '2', '21', '0', '1', '1.42857', '1', '1', '328', '467', '0', '354', '7', '2000', '2000', '1', '64', '2048', '0', '0', '0', '0', '0', '0', '287', '426', '63', '6', '8', '0', '0', '70205', '0', '0', '0', '0', '0', '0', '0', '0', '0', '0', '0', '0', '0', '0', '0', '0', '0', '0', 'SmartAI', '0', '3', '1', '8', '1', '1', '0', '0', '0', '0', '0', '0', '0', '0', '1', '650854271', '2097152', '', '1');
INSERT INTO `creature_template` (`entry`, `difficulty_entry_1`, `difficulty_entry_2`, `difficulty_entry_3`, `KillCredit1`, `KillCredit2`, `modelid1`, `modelid2`, `modelid3`, `modelid4`, `name`, `subname`, `IconName`, `gossip_menu_id`, `minlevel`, `maxlevel`, `exp`, `faction`, `npcflag`, `speed_walk`, `speed_run`, `scale`, `rank`, `mindmg`, `maxdmg`, `dmgschool`, `attackpower`, `dmg_multiplier`, `baseattacktime`, `rangeattacktime`, `unit_class`, `unit_flags`, `unit_flags2`, `dynamicflags`, `family`, `trainer_type`, `trainer_spell`, `trainer_class`, `trainer_race`, `minrangedmg`, `maxrangedmg`, `rangedattackpower`, `type`, `type_flags`, `lootid`, `pickpocketloot`, `skinloot`, `resistance1`, `resistance2`, `resistance3`, `resistance4`, `resistance5`, `resistance6`, `spell1`, `spell2`, `spell3`, `spell4`, `spell5`, `spell6`, `spell7`, `spell8`, `PetSpellDataId`, `VehicleId`, `mingold`, `maxgold`, `AIName`, `MovementType`, `InhabitType`, `HoverHeight`, `Health_mod`, `Mana_mod`, `Armor_mod`, `RacialLeader`, `questItem1`, `questItem2`, `questItem3`, `questItem4`, `questItem5`, `questItem6`, `movementId`, `RegenHealth`, `mechanic_immune_mask`, `flags_extra`, `ScriptName`, `VerifiedBuild`) VALUES ('28732', '31608', '0', '0', '0', '0', '23567', '0', '0', '0', 'Anub\'ar Warrior', '', '', '0', '72', '72', '2', '21', '0', '1', '1.42857', '1', '1', '307', '438', '0', '314', '4', '2000', '2000', '1', '64', '2048', '0', '0', '0', '0', '0', '0', '270', '401', '53', '6', '0', '28732', '0', '70205', '0', '0', '0', '0', '0', '0', '0', '0', '0', '0', '0', '0', '0', '0', '0', '0', '0', '0', 'SmartAI', '0', '3', '1', '4', '1', '1', '0', '0', '0', '0', '0', '0', '0', '0', '1', '8388624', '0', '', '1');
INSERT INTO `creature_template` (`entry`, `difficulty_entry_1`, `difficulty_entry_2`, `difficulty_entry_3`, `KillCredit1`, `KillCredit2`, `modelid1`, `modelid2`, `modelid3`, `modelid4`, `name`, `subname`, `IconName`, `gossip_menu_id`, `minlevel`, `maxlevel`, `exp`, `faction`, `npcflag`, `speed_walk`, `speed_run`, `scale`, `rank`, `mindmg`, `maxdmg`, `dmgschool`, `attackpower`, `dmg_multiplier`, `baseattacktime`, `rangeattacktime`, `unit_class`, `unit_flags`, `unit_flags2`, `dynamicflags`, `family`, `trainer_type`, `trainer_spell`, `trainer_class`, `trainer_race`, `minrangedmg`, `maxrangedmg`, `rangedattackpower`, `type`, `type_flags`, `lootid`, `pickpocketloot`, `skinloot`, `resistance1`, `resistance2`, `resistance3`, `resistance4`, `resistance5`, `resistance6`, `spell1`, `spell2`, `spell3`, `spell4`, `spell5`, `spell6`, `spell7`, `spell8`, `PetSpellDataId`, `VehicleId`, `mingold`, `maxgold`, `AIName`, `MovementType`, `InhabitType`, `HoverHeight`, `Health_mod`, `Mana_mod`, `Armor_mod`, `RacialLeader`, `questItem1`, `questItem2`, `questItem3`, `questItem4`, `questItem5`, `questItem6`, `movementId`, `RegenHealth`, `mechanic_immune_mask`, `flags_extra`, `ScriptName`, `VerifiedBuild`) VALUES ('28733', '31605', '0', '0', '0', '0', '25258', '0', '0', '0', 'Anub\'ar Shadowcaster', '', '', '0', '72', '72', '2', '21', '0', '1', '1.42857', '1', '1', '263', '384', '0', '140', '4', '2000', '2000', '8', '64', '2048', '0', '0', '0', '0', '0', '0', '247', '369', '34', '6', '0', '28733', '0', '70205', '0', '0', '0', '0', '0', '0', '0', '0', '0', '0', '0', '0', '0', '0', '0', '0', '0', '0', 'SmartAI', '0', '3', '1', '4', '1', '1', '0', '0', '0', '0', '0', '0', '0', '0', '1', '8388624', '0', '', '1');
INSERT INTO `creature_template` (`entry`, `difficulty_entry_1`, `difficulty_entry_2`, `difficulty_entry_3`, `KillCredit1`, `KillCredit2`, `modelid1`, `modelid2`, `modelid3`, `modelid4`, `name`, `subname`, `IconName`, `gossip_menu_id`, `minlevel`, `maxlevel`, `exp`, `faction`, `npcflag`, `speed_walk`, `speed_run`, `scale`, `rank`, `mindmg`, `maxdmg`, `dmgschool`, `attackpower`, `dmg_multiplier`, `baseattacktime`, `rangeattacktime`, `unit_class`, `unit_flags`, `unit_flags2`, `dynamicflags`, `family`, `trainer_type`, `trainer_spell`, `trainer_class`, `trainer_race`, `minrangedmg`, `maxrangedmg`, `rangedattackpower`, `type`, `type_flags`, `lootid`, `pickpocketloot`, `skinloot`, `resistance1`, `resistance2`, `resistance3`, `resistance4`, `resistance5`, `resistance6`, `spell1`, `spell2`, `spell3`, `spell4`, `spell5`, `spell6`, `spell7`, `spell8`, `PetSpellDataId`, `VehicleId`, `mingold`, `maxgold`, `AIName`, `MovementType`, `InhabitType`, `HoverHeight`, `Health_mod`, `Mana_mod`, `Armor_mod`, `RacialLeader`, `questItem1`, `questItem2`, `questItem3`, `questItem4`, `questItem5`, `questItem6`, `movementId`, `RegenHealth`, `mechanic_immune_mask`, `flags_extra`, `ScriptName`, `VerifiedBuild`) VALUES ('28734', '31606', '0', '0', '0', '0', '25237', '0', '0', '0', 'Anub\'ar Skirmisher', '', '', '0', '72', '72', '2', '21', '0', '1', '1.42857', '1', '1', '307', '438', '0', '314', '4', '2000', '2000', '1', '64', '2048', '0', '0', '0', '0', '0', '0', '270', '401', '53', '6', '0', '28734', '0', '70205', '0', '0', '0', '0', '0', '0', '0', '0', '0', '0', '0', '0', '0', '0', '0', '0', '0', '0', 'SmartAI', '0', '3', '1', '4', '1', '1', '0', '0', '0', '0', '0', '0', '0', '144', '1', '8388624', '0', '', '1');

DELETE FROM `smart_scripts` WHERE `entryorguid` IN (28730, 28729, 28731, 28732, 28734, 28733);
INSERT INTO `smart_scripts` (`entryorguid`, `source_type`, `id`, `link`, `event_type`, `event_phase_mask`, `event_chance`, `event_flags`, `event_param1`, `event_param2`, `event_param3`, `event_param4`, `action_type`, `action_param1`, `action_param2`, `action_param3`, `action_param4`, `action_param5`, `action_param6`, `target_type`, `target_param1`, `target_param2`, `target_param3`, `target_x`, `target_y`, `target_z`, `target_o`, `comment`) VALUES ('28729', '0', '5', '0', '8', '0', '100', '0', '52343', '0', '0', '0', '38', '0', '0', '0', '0', '0', '0', '1', '0', '0', '0', '0', '0', '0', '0', 'Watcher Narjil - On Spell Hit - Set In Combat With Zone');
INSERT INTO `smart_scripts` (`entryorguid`, `source_type`, `id`, `link`, `event_type`, `event_phase_mask`, `event_chance`, `event_flags`, `event_param1`, `event_param2`, `event_param3`, `event_param4`, `action_type`, `action_param1`, `action_param2`, `action_param3`, `action_param4`, `action_param5`, `action_param6`, `target_type`, `target_param1`, `target_param2`, `target_param3`, `target_x`, `target_y`, `target_z`, `target_o`, `comment`) VALUES ('28729', '0', '4', '0', '0', '0', '100', '4', '4000', '12000', '9000', '15000', '11', '59364', '0', '0', '0', '0', '0', '2', '0', '0', '0', '0', '0', '0', '0', 'Watcher Narjil - In Combat - Cast Infected Bite');
INSERT INTO `smart_scripts` (`entryorguid`, `source_type`, `id`, `link`, `event_type`, `event_phase_mask`, `event_chance`, `event_flags`, `event_param1`, `event_param2`, `event_param3`, `event_param4`, `action_type`, `action_param1`, `action_param2`, `action_param3`, `action_param4`, `action_param5`, `action_param6`, `target_type`, `target_param1`, `target_param2`, `target_param3`, `target_x`, `target_y`, `target_z`, `target_o`, `comment`) VALUES ('28729', '0', '3', '0', '0', '0', '100', '2', '4000', '12000', '9000', '15000', '11', '52469', '0', '0', '0', '0', '0', '2', '0', '0', '0', '0', '0', '0', '0', 'Watcher Narjil - In Combat - Cast Infected Bite');
INSERT INTO `smart_scripts` (`entryorguid`, `source_type`, `id`, `link`, `event_type`, `event_phase_mask`, `event_chance`, `event_flags`, `event_param1`, `event_param2`, `event_param3`, `event_param4`, `action_type`, `action_param1`, `action_param2`, `action_param3`, `action_param4`, `action_param5`, `action_param6`, `target_type`, `target_param1`, `target_param2`, `target_param3`, `target_x`, `target_y`, `target_z`, `target_o`, `comment`) VALUES ('28729', '0', '2', '0', '0', '0', '100', '0', '6000', '15000', '20000', '25000', '11', '52086', '0', '0', '0', '0', '0', '5', '30', '0', '0', '0', '0', '0', '0', 'Watcher Narjil - In Combat - Cast Web Wrap');
INSERT INTO `smart_scripts` (`entryorguid`, `source_type`, `id`, `link`, `event_type`, `event_phase_mask`, `event_chance`, `event_flags`, `event_param1`, `event_param2`, `event_param3`, `event_param4`, `action_type`, `action_param1`, `action_param2`, `action_param3`, `action_param4`, `action_param5`, `action_param6`, `target_type`, `target_param1`, `target_param2`, `target_param3`, `target_x`, `target_y`, `target_z`, `target_o`, `comment`) VALUES ('28729', '0', '1', '0', '0', '0', '100', '4', '2000', '6000', '15000', '20000', '11', '59365', '0', '0', '0', '0', '0', '1', '0', '0', '0', '0', '0', '0', '0', 'Watcher Narjil - In Combat - Cast Binding Webs');
INSERT INTO `smart_scripts` (`entryorguid`, `source_type`, `id`, `link`, `event_type`, `event_phase_mask`, `event_chance`, `event_flags`, `event_param1`, `event_param2`, `event_param3`, `event_param4`, `action_type`, `action_param1`, `action_param2`, `action_param3`, `action_param4`, `action_param5`, `action_param6`, `target_type`, `target_param1`, `target_param2`, `target_param3`, `target_x`, `target_y`, `target_z`, `target_o`, `comment`) VALUES ('28729', '0', '0', '0', '0', '0', '100', '2', '2000', '6000', '15000', '20000', '11', '52524', '0', '0', '0', '0', '0', '1', '0', '0', '0', '0', '0', '0', '0', 'Watcher Narjil - In Combat - Cast Binding Webs');
INSERT INTO `smart_scripts` (`entryorguid`, `source_type`, `id`, `link`, `event_type`, `event_phase_mask`, `event_chance`, `event_flags`, `event_param1`, `event_param2`, `event_param3`, `event_param4`, `action_type`, `action_param1`, `action_param2`, `action_param3`, `action_param4`, `action_param5`, `action_param6`, `target_type`, `target_param1`, `target_param2`, `target_param3`, `target_x`, `target_y`, `target_z`, `target_o`, `comment`) VALUES ('28729', '0', '6', '0', '0', '0', '100', '1', '500', '500', '0', '0', '39', '4', '0', '0', '0', '0', '0', '1', '0', '0', '0', '0', '0', '0', '0', 'Watcher Narjil - On Spell Hit - Call For Help');
INSERT INTO `smart_scripts` (`entryorguid`, `source_type`, `id`, `link`, `event_type`, `event_phase_mask`, `event_chance`, `event_flags`, `event_param1`, `event_param2`, `event_param3`, `event_param4`, `action_type`, `action_param1`, `action_param2`, `action_param3`, `action_param4`, `action_param5`, `action_param6`, `target_type`, `target_param1`, `target_param2`, `target_param3`, `target_x`, `target_y`, `target_z`, `target_o`, `comment`) VALUES ('28730', '0', '4', '0', '8', '0', '100', '0', '52343', '0', '0', '0', '38', '0', '0', '0', '0', '0', '0', '1', '0', '0', '0', '0', '0', '0', '0', 'Watcher Gashra - On Spell Hit - Set In Combat With Zone');
INSERT INTO `smart_scripts` (`entryorguid`, `source_type`, `id`, `link`, `event_type`, `event_phase_mask`, `event_chance`, `event_flags`, `event_param1`, `event_param2`, `event_param3`, `event_param4`, `action_type`, `action_param1`, `action_param2`, `action_param3`, `action_param4`, `action_param5`, `action_param6`, `target_type`, `target_param1`, `target_param2`, `target_param3`, `target_x`, `target_y`, `target_z`, `target_o`, `comment`) VALUES ('28730', '0', '3', '0', '0', '0', '100', '4', '4000', '12000', '9000', '15000', '11', '59364', '0', '0', '0', '0', '0', '2', '0', '0', '0', '0', '0', '0', '0', 'Watcher Gashra - In Combat - Cast Infected Bite');
INSERT INTO `smart_scripts` (`entryorguid`, `source_type`, `id`, `link`, `event_type`, `event_phase_mask`, `event_chance`, `event_flags`, `event_param1`, `event_param2`, `event_param3`, `event_param4`, `action_type`, `action_param1`, `action_param2`, `action_param3`, `action_param4`, `action_param5`, `action_param6`, `target_type`, `target_param1`, `target_param2`, `target_param3`, `target_x`, `target_y`, `target_z`, `target_o`, `comment`) VALUES ('28730', '0', '2', '0', '0', '0', '100', '2', '4000', '12000', '9000', '15000', '11', '52469', '0', '0', '0', '0', '0', '2', '0', '0', '0', '0', '0', '0', '0', 'Watcher Gashra - In Combat - Cast Infected Bite');
INSERT INTO `smart_scripts` (`entryorguid`, `source_type`, `id`, `link`, `event_type`, `event_phase_mask`, `event_chance`, `event_flags`, `event_param1`, `event_param2`, `event_param3`, `event_param4`, `action_type`, `action_param1`, `action_param2`, `action_param3`, `action_param4`, `action_param5`, `action_param6`, `target_type`, `target_param1`, `target_param2`, `target_param3`, `target_x`, `target_y`, `target_z`, `target_o`, `comment`) VALUES ('28730', '0', '1', '0', '0', '0', '100', '0', '6000', '15000', '20000', '25000', '11', '52086', '0', '0', '0', '0', '0', '5', '30', '0', '0', '0', '0', '0', '0', 'Watcher Gashra - In Combat - Cast Web Wrap');
INSERT INTO `smart_scripts` (`entryorguid`, `source_type`, `id`, `link`, `event_type`, `event_phase_mask`, `event_chance`, `event_flags`, `event_param1`, `event_param2`, `event_param3`, `event_param4`, `action_type`, `action_param1`, `action_param2`, `action_param3`, `action_param4`, `action_param5`, `action_param6`, `target_type`, `target_param1`, `target_param2`, `target_param3`, `target_x`, `target_y`, `target_z`, `target_o`, `comment`) VALUES ('28730', '0', '0', '0', '0', '0', '100', '0', '2000', '6000', '15000', '20000', '11', '52470', '0', '0', '0', '0', '0', '1', '0', '0', '0', '0', '0', '0', '0', 'Watcher Gashra - In Combat - Cast Enrage');
INSERT INTO `smart_scripts` (`entryorguid`, `source_type`, `id`, `link`, `event_type`, `event_phase_mask`, `event_chance`, `event_flags`, `event_param1`, `event_param2`, `event_param3`, `event_param4`, `action_type`, `action_param1`, `action_param2`, `action_param3`, `action_param4`, `action_param5`, `action_param6`, `target_type`, `target_param1`, `target_param2`, `target_param3`, `target_x`, `target_y`, `target_z`, `target_o`, `comment`) VALUES ('28730', '0', '5', '0', '0', '0', '100', '1', '500', '500', '0', '0', '39', '4', '0', '0', '0', '0', '0', '1', '0', '0', '0', '0', '0', '0', '0', 'Watcher Gashra - On Spell Hit - Call For Help');
INSERT INTO `smart_scripts` (`entryorguid`, `source_type`, `id`, `link`, `event_type`, `event_phase_mask`, `event_chance`, `event_flags`, `event_param1`, `event_param2`, `event_param3`, `event_param4`, `action_type`, `action_param1`, `action_param2`, `action_param3`, `action_param4`, `action_param5`, `action_param6`, `target_type`, `target_param1`, `target_param2`, `target_param3`, `target_x`, `target_y`, `target_z`, `target_o`, `comment`) VALUES ('28731', '0', '5', '0', '8', '0', '100', '0', '52343', '0', '0', '0', '38', '0', '0', '0', '0', '0', '0', '1', '0', '0', '0', '0', '0', '0', '0', 'Watcher Silthik - On Spell Hit - Set In Combat With Zone');
INSERT INTO `smart_scripts` (`entryorguid`, `source_type`, `id`, `link`, `event_type`, `event_phase_mask`, `event_chance`, `event_flags`, `event_param1`, `event_param2`, `event_param3`, `event_param4`, `action_type`, `action_param1`, `action_param2`, `action_param3`, `action_param4`, `action_param5`, `action_param6`, `target_type`, `target_param1`, `target_param2`, `target_param3`, `target_x`, `target_y`, `target_z`, `target_o`, `comment`) VALUES ('28731', '0', '4', '0', '0', '0', '100', '4', '4000', '12000', '9000', '15000', '11', '59364', '0', '0', '0', '0', '0', '2', '0', '0', '0', '0', '0', '0', '0', 'Watcher Silthik - In Combat - Cast Infected Bite');
INSERT INTO `smart_scripts` (`entryorguid`, `source_type`, `id`, `link`, `event_type`, `event_phase_mask`, `event_chance`, `event_flags`, `event_param1`, `event_param2`, `event_param3`, `event_param4`, `action_type`, `action_param1`, `action_param2`, `action_param3`, `action_param4`, `action_param5`, `action_param6`, `target_type`, `target_param1`, `target_param2`, `target_param3`, `target_x`, `target_y`, `target_z`, `target_o`, `comment`) VALUES ('28731', '0', '3', '0', '0', '0', '100', '2', '4000', '12000', '9000', '15000', '11', '52469', '0', '0', '0', '0', '0', '2', '0', '0', '0', '0', '0', '0', '0', 'Watcher Silthik - In Combat - Cast Infected Bite');
INSERT INTO `smart_scripts` (`entryorguid`, `source_type`, `id`, `link`, `event_type`, `event_phase_mask`, `event_chance`, `event_flags`, `event_param1`, `event_param2`, `event_param3`, `event_param4`, `action_type`, `action_param1`, `action_param2`, `action_param3`, `action_param4`, `action_param5`, `action_param6`, `target_type`, `target_param1`, `target_param2`, `target_param3`, `target_x`, `target_y`, `target_z`, `target_o`, `comment`) VALUES ('28731', '0', '2', '0', '0', '0', '100', '0', '6000', '15000', '20000', '25000', '11', '52086', '0', '0', '0', '0', '0', '5', '30', '0', '0', '0', '0', '0', '0', 'Watcher Silthik - In Combat - Cast Web Wrap');
INSERT INTO `smart_scripts` (`entryorguid`, `source_type`, `id`, `link`, `event_type`, `event_phase_mask`, `event_chance`, `event_flags`, `event_param1`, `event_param2`, `event_param3`, `event_param4`, `action_type`, `action_param1`, `action_param2`, `action_param3`, `action_param4`, `action_param5`, `action_param6`, `target_type`, `target_param1`, `target_param2`, `target_param3`, `target_x`, `target_y`, `target_z`, `target_o`, `comment`) VALUES ('28731', '0', '1', '0', '0', '0', '100', '4', '2000', '6000', '15000', '20000', '11', '52493', '0', '0', '0', '0', '0', '1', '0', '0', '0', '0', '0', '0', '0', 'Watcher Silthik - In Combat - Cast Poison Spray');
INSERT INTO `smart_scripts` (`entryorguid`, `source_type`, `id`, `link`, `event_type`, `event_phase_mask`, `event_chance`, `event_flags`, `event_param1`, `event_param2`, `event_param3`, `event_param4`, `action_type`, `action_param1`, `action_param2`, `action_param3`, `action_param4`, `action_param5`, `action_param6`, `target_type`, `target_param1`, `target_param2`, `target_param3`, `target_x`, `target_y`, `target_z`, `target_o`, `comment`) VALUES ('28731', '0', '6', '0', '0', '0', '100', '1', '500', '500', '0', '0', '39', '4', '0', '0', '0', '0', '0', '1', '0', '0', '0', '0', '0', '0', '0', 'Watcher Silthik - On Spell Hit - Call For Help');
INSERT INTO `smart_scripts` (`entryorguid`, `source_type`, `id`, `link`, `event_type`, `event_phase_mask`, `event_chance`, `event_flags`, `event_param1`, `event_param2`, `event_param3`, `event_param4`, `action_type`, `action_param1`, `action_param2`, `action_param3`, `action_param4`, `action_param5`, `action_param6`, `target_type`, `target_param1`, `target_param2`, `target_param3`, `target_x`, `target_y`, `target_z`, `target_o`, `comment`) VALUES ('28731', '0', '0', '0', '0', '0', '100', '2', '2000', '6000', '15000', '20000', '11', '52493', '0', '0', '0', '0', '0', '1', '0', '0', '0', '0', '0', '0', '0', 'Watcher Silthik - In Combat - Cast Poison Spray');
INSERT INTO `smart_scripts` (`entryorguid`, `source_type`, `id`, `link`, `event_type`, `event_phase_mask`, `event_chance`, `event_flags`, `event_param1`, `event_param2`, `event_param3`, `event_param4`, `action_type`, `action_param1`, `action_param2`, `action_param3`, `action_param4`, `action_param5`, `action_param6`, `target_type`, `target_param1`, `target_param2`, `target_param3`, `target_x`, `target_y`, `target_z`, `target_o`, `comment`) VALUES ('28732', '0', '0', '0', '1', '0', '100', '0', '2000', '5000', '6000', '8000', '11', '52532', '0', '0', '0', '0', '0', '2', '0', '0', '0', '0', '0', '0', '0', 'Anub\'ar Warrior - In Combat - Cast Strike');
INSERT INTO `smart_scripts` (`entryorguid`, `source_type`, `id`, `link`, `event_type`, `event_phase_mask`, `event_chance`, `event_flags`, `event_param1`, `event_param2`, `event_param3`, `event_param4`, `action_type`, `action_param1`, `action_param2`, `action_param3`, `action_param4`, `action_param5`, `action_param6`, `target_type`, `target_param1`, `target_param2`, `target_param3`, `target_x`, `target_y`, `target_z`, `target_o`, `comment`) VALUES ('28732', '0', '1', '0', '0', '0', '100', '0', '2000', '10000', '15000', '15000', '11', '49806', '0', '0', '0', '0', '0', '2', '0', '0', '0', '0', '0', '0', '0', 'Anub\'ar Warrior - In Combat - Cast Cleave');
INSERT INTO `smart_scripts` (`entryorguid`, `source_type`, `id`, `link`, `event_type`, `event_phase_mask`, `event_chance`, `event_flags`, `event_param1`, `event_param2`, `event_param3`, `event_param4`, `action_type`, `action_param1`, `action_param2`, `action_param3`, `action_param4`, `action_param5`, `action_param6`, `target_type`, `target_param1`, `target_param2`, `target_param3`, `target_x`, `target_y`, `target_z`, `target_o`, `comment`) VALUES ('28733', '0', '2', '0', '0', '0', '100', '2', '6000', '12000', '12000', '20000', '11', '52535', '0', '0', '0', '0', '0', '1', '0', '0', '0', '0', '0', '0', '0', 'Anub\'ar Shadowcaster - In Combat - Cast Shadow Nova');
INSERT INTO `smart_scripts` (`entryorguid`, `source_type`, `id`, `link`, `event_type`, `event_phase_mask`, `event_chance`, `event_flags`, `event_param1`, `event_param2`, `event_param3`, `event_param4`, `action_type`, `action_param1`, `action_param2`, `action_param3`, `action_param4`, `action_param5`, `action_param6`, `target_type`, `target_param1`, `target_param2`, `target_param3`, `target_x`, `target_y`, `target_z`, `target_o`, `comment`) VALUES ('28733', '0', '1', '0', '0', '0', '100', '4', '0', '0', '2000', '2500', '11', '59357', '64', '0', '0', '0', '0', '2', '0', '0', '0', '0', '0', '0', '0', 'Anub\'ar Shadowcaster - In Combat - Cast Shadow Bolt');
INSERT INTO `smart_scripts` (`entryorguid`, `source_type`, `id`, `link`, `event_type`, `event_phase_mask`, `event_chance`, `event_flags`, `event_param1`, `event_param2`, `event_param3`, `event_param4`, `action_type`, `action_param1`, `action_param2`, `action_param3`, `action_param4`, `action_param5`, `action_param6`, `target_type`, `target_param1`, `target_param2`, `target_param3`, `target_x`, `target_y`, `target_z`, `target_o`, `comment`) VALUES ('28733', '0', '3', '0', '0', '0', '100', '4', '6000', '12000', '12000', '20000', '11', '59358', '0', '0', '0', '0', '0', '1', '0', '0', '0', '0', '0', '0', '0', 'Anub\'ar Shadowcaster - In Combat - Cast Shadow Nova');
INSERT INTO `smart_scripts` (`entryorguid`, `source_type`, `id`, `link`, `event_type`, `event_phase_mask`, `event_chance`, `event_flags`, `event_param1`, `event_param2`, `event_param3`, `event_param4`, `action_type`, `action_param1`, `action_param2`, `action_param3`, `action_param4`, `action_param5`, `action_param6`, `target_type`, `target_param1`, `target_param2`, `target_param3`, `target_x`, `target_y`, `target_z`, `target_o`, `comment`) VALUES ('28733', '0', '0', '0', '0', '0', '100', '2', '0', '0', '2000', '2500', '11', '52534', '64', '0', '0', '0', '0', '2', '0', '0', '0', '0', '0', '0', '0', 'Anub\'ar Shadowcaster - In Combat - Cast Shadow Bolt');
INSERT INTO `smart_scripts` (`entryorguid`, `source_type`, `id`, `link`, `event_type`, `event_phase_mask`, `event_chance`, `event_flags`, `event_param1`, `event_param2`, `event_param3`, `event_param4`, `action_type`, `action_param1`, `action_param2`, `action_param3`, `action_param4`, `action_param5`, `action_param6`, `target_type`, `target_param1`, `target_param2`, `target_param3`, `target_x`, `target_y`, `target_z`, `target_o`, `comment`) VALUES ('28734', '0', '0', '0', '67', '0', '100', '0', '7000', '7000', '0', '0', '11', '52540', '0', '0', '0', '0', '0', '2', '0', '0', '0', '0', '0', '0', '0', 'Anub\'ar Skirmisher - Behind Target - Cast Backstab');
INSERT INTO `smart_scripts` (`entryorguid`, `source_type`, `id`, `link`, `event_type`, `event_phase_mask`, `event_chance`, `event_flags`, `event_param1`, `event_param2`, `event_param3`, `event_param4`, `action_type`, `action_param1`, `action_param2`, `action_param3`, `action_param4`, `action_param5`, `action_param6`, `target_type`, `target_param1`, `target_param2`, `target_param3`, `target_x`, `target_y`, `target_z`, `target_o`, `comment`) VALUES ('28734', '0', '1', '0', '0', '0', '100', '0', '5000', '10000', '15000', '15000', '11', '52536', '0', '0', '0', '0', '0', '5', '40', '0', '0', '0', '0', '0', '0', 'Anub\'ar Skirmisher - In Combat - Cast Fixate Trigger');


-- ------------------------- --
-- Krik'thir the Gatewatcher --
-- ------------------------- --
DELETE FROM `conditions` WHERE `SourceTypeOrReferenceId`=13 AND `SourceEntry` IN (52438,52449,52343);
INSERT INTO `conditions` (`SourceTypeOrReferenceId`, `SourceGroup`, `SourceEntry`, `SourceId`, `ElseGroup`, `ConditionTypeOrReference`, `ConditionTarget`, `ConditionValue1`, `ConditionValue2`, `ConditionValue3`, `NegativeCondition`, `ErrorType`, `ErrorTextId`, `ScriptName`, `Comment`) VALUES ('13', '1', '52438', '0', '0', '31', '0', '3', '22515', '0', '0', '0', '0', '', 'Target World Trigger');
INSERT INTO `conditions` (`SourceTypeOrReferenceId`, `SourceGroup`, `SourceEntry`, `SourceId`, `ElseGroup`, `ConditionTypeOrReference`, `ConditionTarget`, `ConditionValue1`, `ConditionValue2`, `ConditionValue3`, `NegativeCondition`, `ErrorType`, `ErrorTextId`, `ScriptName`, `Comment`) VALUES ('13', '1', '52449', '0', '0', '31', '0', '3', '22515', '0', '0', '0', '0', '', 'Target World Trigger');
INSERT INTO `conditions` (`SourceTypeOrReferenceId`, `SourceGroup`, `SourceEntry`, `SourceId`, `ElseGroup`, `ConditionTypeOrReference`, `ConditionTarget`, `ConditionValue1`, `ConditionValue2`, `ConditionValue3`, `NegativeCondition`, `ErrorType`, `ErrorTextId`, `ScriptName`, `Comment`) VALUES ('13', '1', '52343', '0', '2', '31', '0', '3', '28729', '0', '0', '0', '0', '', 'Target Watcher Narjil');
INSERT INTO `conditions` (`SourceTypeOrReferenceId`, `SourceGroup`, `SourceEntry`, `SourceId`, `ElseGroup`, `ConditionTypeOrReference`, `ConditionTarget`, `ConditionValue1`, `ConditionValue2`, `ConditionValue3`, `NegativeCondition`, `ErrorType`, `ErrorTextId`, `ScriptName`, `Comment`) VALUES ('13', '1', '52343', '0', '1', '38', '0', '100', '0', '0', '0', '0', '0', '', 'Target 100% HP');
INSERT INTO `conditions` (`SourceTypeOrReferenceId`, `SourceGroup`, `SourceEntry`, `SourceId`, `ElseGroup`, `ConditionTypeOrReference`, `ConditionTarget`, `ConditionValue1`, `ConditionValue2`, `ConditionValue3`, `NegativeCondition`, `ErrorType`, `ErrorTextId`, `ScriptName`, `Comment`) VALUES ('13', '1', '52343', '0', '2', '38', '0', '100', '0', '0', '0', '0', '0', '', 'Target 100% HP');
INSERT INTO `conditions` (`SourceTypeOrReferenceId`, `SourceGroup`, `SourceEntry`, `SourceId`, `ElseGroup`, `ConditionTypeOrReference`, `ConditionTarget`, `ConditionValue1`, `ConditionValue2`, `ConditionValue3`, `NegativeCondition`, `ErrorType`, `ErrorTextId`, `ScriptName`, `Comment`) VALUES ('13', '1', '52343', '0', '1', '31', '0', '3', '28731', '0', '0', '0', '0', '', 'Target Watcher Silthik');
INSERT INTO `conditions` (`SourceTypeOrReferenceId`, `SourceGroup`, `SourceEntry`, `SourceId`, `ElseGroup`, `ConditionTypeOrReference`, `ConditionTarget`, `ConditionValue1`, `ConditionValue2`, `ConditionValue3`, `NegativeCondition`, `ErrorType`, `ErrorTextId`, `ScriptName`, `Comment`) VALUES ('13', '1', '52343', '0', '0', '38', '0', '100', '0', '0', '0', '0', '0', '', 'Target 100% HP');
INSERT INTO `conditions` (`SourceTypeOrReferenceId`, `SourceGroup`, `SourceEntry`, `SourceId`, `ElseGroup`, `ConditionTypeOrReference`, `ConditionTarget`, `ConditionValue1`, `ConditionValue2`, `ConditionValue3`, `NegativeCondition`, `ErrorType`, `ErrorTextId`, `ScriptName`, `Comment`) VALUES ('13', '1', '52343', '0', '0', '31', '0', '3', '28730', '0', '0', '0', '0', '', 'Target Watcher Gashra');


-- Remove static spawn for Krik'thir's pets
DELETE FROM `creature` WHERE `guid` BETWEEN 127225 AND 127236;
INSERT INTO `creature` (`guid`, `id`, `map`, `spawnMask`, `phaseMask`, `modelid`, `equipment_id`, `position_x`, `position_y`, `position_z`, `orientation`, `spawntimesecs`, `spawndist`, `currentwaypoint`, `curhealth`, `curmana`, `MovementType`, `npcflag`, `unit_flags`, `dynamicflags`) VALUES ('127225', '28729', '601', '3', '1', '23984', '0', '511.81', '666.493', '776.278', '0.977384', '3600', '0', '0', '82256', '0', '0', '0', '0', '0');
INSERT INTO `creature` (`guid`, `id`, `map`, `spawnMask`, `phaseMask`, `modelid`, `equipment_id`, `position_x`, `position_y`, `position_z`, `orientation`, `spawntimesecs`, `spawndist`, `currentwaypoint`, `curhealth`, `curmana`, `MovementType`, `npcflag`, `unit_flags`, `dynamicflags`) VALUES ('127226', '28730', '601', '3', '1', '23568', '0', '526.664', '663.605', '775.805', '1.23918', '3600', '0', '0', '82256', '0', '0', '0', '0', '0');
INSERT INTO `creature` (`guid`, `id`, `map`, `spawnMask`, `phaseMask`, `modelid`, `equipment_id`, `position_x`, `position_y`, `position_z`, `orientation`, `spawntimesecs`, `spawndist`, `currentwaypoint`, `curhealth`, `curmana`, `MovementType`, `npcflag`, `unit_flags`, `dynamicflags`) VALUES ('127227', '28731', '601', '3', '1', '25729', '0', '543.826', '665.123', '776.245', '1.55334', '3600', '0', '0', '82256', '0', '0', '0', '0', '0');
INSERT INTO `creature` (`guid`, `id`, `map`, `spawnMask`, `phaseMask`, `modelid`, `equipment_id`, `position_x`, `position_y`, `position_z`, `orientation`, `spawntimesecs`, `spawndist`, `currentwaypoint`, `curhealth`, `curmana`, `MovementType`, `npcflag`, `unit_flags`, `dynamicflags`) VALUES ('127228', '28732', '601', '3', '1', '23567', '0', '506.516', '664.38', '776.976', '0.925025', '3600', '0', '0', '38440', '0', '0', '0', '0', '0');
INSERT INTO `creature` (`guid`, `id`, `map`, `spawnMask`, `phaseMask`, `modelid`, `equipment_id`, `position_x`, `position_y`, `position_z`, `orientation`, `spawntimesecs`, `spawndist`, `currentwaypoint`, `curhealth`, `curmana`, `MovementType`, `npcflag`, `unit_flags`, `dynamicflags`) VALUES ('127229', '28732', '601', '3', '1', '23567', '0', '541.26', '701.834', '776.906', '1.01229', '3600', '0', '0', '38440', '0', '0', '0', '0', '0');
INSERT INTO `creature` (`guid`, `id`, `map`, `spawnMask`, `phaseMask`, `modelid`, `equipment_id`, `position_x`, `position_y`, `position_z`, `orientation`, `spawntimesecs`, `spawndist`, `currentwaypoint`, `curhealth`, `curmana`, `MovementType`, `npcflag`, `unit_flags`, `dynamicflags`) VALUES ('127230', '28732', '601', '3', '1', '23567', '0', '497.968', '757.134', '813.873', '2.93958', '3600', '5', '0', '38440', '0', '1', '0', '0', '0');
INSERT INTO `creature` (`guid`, `id`, `map`, `spawnMask`, `phaseMask`, `modelid`, `equipment_id`, `position_x`, `position_y`, `position_z`, `orientation`, `spawntimesecs`, `spawndist`, `currentwaypoint`, `curhealth`, `curmana`, `MovementType`, `npcflag`, `unit_flags`, `dynamicflags`) VALUES ('127231', '28732', '601', '3', '1', '23567', '0', '531.031', '658.173', '776.24', '1.3439', '3600', '0', '0', '38440', '0', '0', '0', '0', '0');
INSERT INTO `creature` (`guid`, `id`, `map`, `spawnMask`, `phaseMask`, `modelid`, `equipment_id`, `position_x`, `position_y`, `position_z`, `orientation`, `spawntimesecs`, `spawndist`, `currentwaypoint`, `curhealth`, `curmana`, `MovementType`, `npcflag`, `unit_flags`, `dynamicflags`) VALUES ('127232', '28733', '601', '3', '1', '25258', '0', '549.693', '662.007', '776.993', '1.64061', '3600', '0', '0', '30752', '7500', '0', '0', '0', '0');
INSERT INTO `creature` (`guid`, `id`, `map`, `spawnMask`, `phaseMask`, `modelid`, `equipment_id`, `position_x`, `position_y`, `position_z`, `orientation`, `spawntimesecs`, `spawndist`, `currentwaypoint`, `curhealth`, `curmana`, `MovementType`, `npcflag`, `unit_flags`, `dynamicflags`) VALUES ('127233', '28733', '601', '3', '1', '25258', '0', '506.178', '669.927', '776.306', '0.855211', '3600', '0', '0', '30752', '7500', '0', '0', '0', '0');
INSERT INTO `creature` (`guid`, `id`, `map`, `spawnMask`, `phaseMask`, `modelid`, `equipment_id`, `position_x`, `position_y`, `position_z`, `orientation`, `spawntimesecs`, `spawndist`, `currentwaypoint`, `curhealth`, `curmana`, `MovementType`, `npcflag`, `unit_flags`, `dynamicflags`) VALUES ('127234', '28734', '601', '3', '1', '25237', '0', '550.046', '668.131', '776.279', '1.65806', '3600', '0', '0', '38440', '0', '0', '0', '0', '0');
INSERT INTO `creature` (`guid`, `id`, `map`, `spawnMask`, `phaseMask`, `modelid`, `equipment_id`, `position_x`, `position_y`, `position_z`, `orientation`, `spawntimesecs`, `spawndist`, `currentwaypoint`, `curhealth`, `curmana`, `MovementType`, `npcflag`, `unit_flags`, `dynamicflags`) VALUES ('127235', '28734', '601', '3', '1', '25237', '0', '536.069', '700.067', '776.654', '0.925025', '3600', '0', '0', '38440', '0', '0', '0', '0', '0');
INSERT INTO `creature` (`guid`, `id`, `map`, `spawnMask`, `phaseMask`, `modelid`, `equipment_id`, `position_x`, `position_y`, `position_z`, `orientation`, `spawntimesecs`, `spawndist`, `currentwaypoint`, `curhealth`, `curmana`, `MovementType`, `npcflag`, `unit_flags`, `dynamicflags`) VALUES ('127236', '28734', '601', '3', '1', '25237', '0', '521.815', '659.471', '776.313', '1.18682', '3600', '0', '0', '38440', '0', '0', '0', '0', '0');

DELETE FROM `creature_addon` WHERE `guid` BETWEEN 127225 AND 127236;
INSERT INTO `creature_addon` (`guid`, `path_id`, `mount`, `bytes1`, `bytes2`, `emote`, `auras`) VALUES ('127225', '0', '0', '0', '1', '0', NULL);
INSERT INTO `creature_addon` (`guid`, `path_id`, `mount`, `bytes1`, `bytes2`, `emote`, `auras`) VALUES ('127226', '0', '0', '0', '1', '0', NULL);
INSERT INTO `creature_addon` (`guid`, `path_id`, `mount`, `bytes1`, `bytes2`, `emote`, `auras`) VALUES ('127227', '0', '0', '0', '1', '0', NULL);
INSERT INTO `creature_addon` (`guid`, `path_id`, `mount`, `bytes1`, `bytes2`, `emote`, `auras`) VALUES ('127228', '0', '0', '0', '1', '0', NULL);
INSERT INTO `creature_addon` (`guid`, `path_id`, `mount`, `bytes1`, `bytes2`, `emote`, `auras`) VALUES ('127229', '0', '0', '0', '1', '27', NULL);
INSERT INTO `creature_addon` (`guid`, `path_id`, `mount`, `bytes1`, `bytes2`, `emote`, `auras`) VALUES ('127230', '0', '0', '0', '1', '0', NULL);
INSERT INTO `creature_addon` (`guid`, `path_id`, `mount`, `bytes1`, `bytes2`, `emote`, `auras`) VALUES ('127231', '0', '0', '0', '1', '0', NULL);
INSERT INTO `creature_addon` (`guid`, `path_id`, `mount`, `bytes1`, `bytes2`, `emote`, `auras`) VALUES ('127234', '0', '0', '0', '1', '0', NULL);
INSERT INTO `creature_addon` (`guid`, `path_id`, `mount`, `bytes1`, `bytes2`, `emote`, `auras`) VALUES ('127235', '0', '0', '0', '1', '27', NULL);
INSERT INTO `creature_addon` (`guid`, `path_id`, `mount`, `bytes1`, `bytes2`, `emote`, `auras`) VALUES ('127236', '0', '0', '0', '1', '0', NULL);

DELETE FROM `linked_respawn` WHERE `guid` BETWEEN 127225 AND 127236;
INSERT INTO `linked_respawn` (`guid`, `linkedGuid`, `linkType`) VALUES ('127225', '127214', '0');
INSERT INTO `linked_respawn` (`guid`, `linkedGuid`, `linkType`) VALUES ('127226', '127214', '0');
INSERT INTO `linked_respawn` (`guid`, `linkedGuid`, `linkType`) VALUES ('127227', '127214', '0');
INSERT INTO `linked_respawn` (`guid`, `linkedGuid`, `linkType`) VALUES ('127228', '127214', '0');
INSERT INTO `linked_respawn` (`guid`, `linkedGuid`, `linkType`) VALUES ('127229', '127214', '0');
INSERT INTO `linked_respawn` (`guid`, `linkedGuid`, `linkType`) VALUES ('127230', '127214', '0');
INSERT INTO `linked_respawn` (`guid`, `linkedGuid`, `linkType`) VALUES ('127231', '127214', '0');
INSERT INTO `linked_respawn` (`guid`, `linkedGuid`, `linkType`) VALUES ('127232', '127214', '0');
INSERT INTO `linked_respawn` (`guid`, `linkedGuid`, `linkType`) VALUES ('127233', '127214', '0');
INSERT INTO `linked_respawn` (`guid`, `linkedGuid`, `linkType`) VALUES ('127234', '127214', '0');
INSERT INTO `linked_respawn` (`guid`, `linkedGuid`, `linkType`) VALUES ('127235', '127214', '0');
INSERT INTO `linked_respawn` (`guid`, `linkedGuid`, `linkType`) VALUES ('127236', '127214', '0');

-- Small minions are now owned by the World Triggers in the room, so they need AI to aggro properly
DELETE FROM `creature_template` WHERE `entry` IN (28735, 28736);
INSERT INTO `creature_template` (`entry`, `difficulty_entry_1`, `difficulty_entry_2`, `difficulty_entry_3`, `KillCredit1`, `KillCredit2`, `modelid1`, `modelid2`, `modelid3`, `modelid4`, `name`, `subname`, `IconName`, `gossip_menu_id`, `minlevel`, `maxlevel`, `exp`, `faction`, `npcflag`, `speed_walk`, `speed_run`, `scale`, `rank`, `mindmg`, `maxdmg`, `dmgschool`, `attackpower`, `dmg_multiplier`, `baseattacktime`, `rangeattacktime`, `unit_class`, `unit_flags`, `unit_flags2`, `dynamicflags`, `family`, `trainer_type`, `trainer_spell`, `trainer_class`, `trainer_race`, `minrangedmg`, `maxrangedmg`, `rangedattackpower`, `type`, `type_flags`, `lootid`, `pickpocketloot`, `skinloot`, `resistance1`, `resistance2`, `resistance3`, `resistance4`, `resistance5`, `resistance6`, `spell1`, `spell2`, `spell3`, `spell4`, `spell5`, `spell6`, `spell7`, `spell8`, `PetSpellDataId`, `VehicleId`, `mingold`, `maxgold`, `AIName`, `MovementType`, `InhabitType`, `HoverHeight`, `Health_mod`, `Mana_mod`, `Armor_mod`, `RacialLeader`, `questItem1`, `questItem2`, `questItem3`, `questItem4`, `questItem5`, `questItem6`, `movementId`, `RegenHealth`, `mechanic_immune_mask`, `flags_extra`, `ScriptName`, `VerifiedBuild`) VALUES ('28735', '31614', '0', '0', '0', '0', '25656', '0', '0', '0', 'Skittering Swarmer', '', '', '0', '72', '72', '2', '21', '0', '1', '1.42857', '1', '5', '307', '438', '0', '314', '1', '2000', '2000', '1', '0', '2048', '0', '0', '0', '0', '0', '0', '270', '401', '53', '6', '1048576', '0', '0', '0', '0', '0', '0', '0', '0', '0', '0', '0', '0', '0', '0', '0', '0', '0', '0', '0', '0', '0', 'SmartAI', '0', '3', '1', '0.020812', '1', '1', '0', '0', '0', '0', '0', '0', '0', '144', '1', '8388624', '64', '', '12340');
INSERT INTO `creature_template` (`entry`, `difficulty_entry_1`, `difficulty_entry_2`, `difficulty_entry_3`, `KillCredit1`, `KillCredit2`, `modelid1`, `modelid2`, `modelid3`, `modelid4`, `name`, `subname`, `IconName`, `gossip_menu_id`, `minlevel`, `maxlevel`, `exp`, `faction`, `npcflag`, `speed_walk`, `speed_run`, `scale`, `rank`, `mindmg`, `maxdmg`, `dmgschool`, `attackpower`, `dmg_multiplier`, `baseattacktime`, `rangeattacktime`, `unit_class`, `unit_flags`, `unit_flags2`, `dynamicflags`, `family`, `trainer_type`, `trainer_spell`, `trainer_class`, `trainer_race`, `minrangedmg`, `maxrangedmg`, `rangedattackpower`, `type`, `type_flags`, `lootid`, `pickpocketloot`, `skinloot`, `resistance1`, `resistance2`, `resistance3`, `resistance4`, `resistance5`, `resistance6`, `spell1`, `spell2`, `spell3`, `spell4`, `spell5`, `spell6`, `spell7`, `spell8`, `PetSpellDataId`, `VehicleId`, `mingold`, `maxgold`, `AIName`, `MovementType`, `InhabitType`, `HoverHeight`, `Health_mod`, `Mana_mod`, `Armor_mod`, `RacialLeader`, `questItem1`, `questItem2`, `questItem3`, `questItem4`, `questItem5`, `questItem6`, `movementId`, `RegenHealth`, `mechanic_immune_mask`, `flags_extra`, `ScriptName`, `VerifiedBuild`) VALUES ('28736', '31613', '0', '0', '0', '0', '25724', '0', '0', '0', 'Skittering Infector', '', '', '0', '72', '72', '2', '21', '0', '1', '1.42857', '1', '0', '307', '438', '0', '314', '1', '2000', '2000', '1', '0', '2048', '0', '0', '0', '0', '0', '0', '270', '401', '53', '6', '0', '0', '0', '0', '0', '0', '0', '0', '0', '0', '0', '0', '0', '0', '0', '0', '0', '0', '0', '0', '0', '0', 'SmartAI', '0', '3', '1', '0.416233', '1', '1', '0', '0', '0', '0', '0', '0', '0', '113', '1', '8388624', '64', '', '12340');

-- Krik'thir: Subboss Aggro Trigger
DELETE FROM `spell_script_names` WHERE `spell_id` = 52343;

-- Anub'ar Skirmisher: Fixtate
DELETE FROM `spell_script_names` WHERE `spell_id` = 52536;

-- Watchers: Web Wrap 
DELETE FROM `spell_script_names` WHERE `spell_id` = 52086;
DELETE FROM `creature_template` WHERE `entry` = 28619;
INSERT INTO `creature_template` (`entry`, `difficulty_entry_1`, `difficulty_entry_2`, `difficulty_entry_3`, `KillCredit1`, `KillCredit2`, `modelid1`, `modelid2`, `modelid3`, `modelid4`, `name`, `subname`, `IconName`, `gossip_menu_id`, `minlevel`, `maxlevel`, `exp`, `faction`, `npcflag`, `speed_walk`, `speed_run`, `scale`, `rank`, `mindmg`, `maxdmg`, `dmgschool`, `attackpower`, `dmg_multiplier`, `baseattacktime`, `rangeattacktime`, `unit_class`, `unit_flags`, `unit_flags2`, `dynamicflags`, `family`, `trainer_type`, `trainer_spell`, `trainer_class`, `trainer_race`, `minrangedmg`, `maxrangedmg`, `rangedattackpower`, `type`, `type_flags`, `lootid`, `pickpocketloot`, `skinloot`, `resistance1`, `resistance2`, `resistance3`, `resistance4`, `resistance5`, `resistance6`, `spell1`, `spell2`, `spell3`, `spell4`, `spell5`, `spell6`, `spell7`, `spell8`, `PetSpellDataId`, `VehicleId`, `mingold`, `maxgold`, `AIName`, `MovementType`, `InhabitType`, `HoverHeight`, `Health_mod`, `Mana_mod`, `Armor_mod`, `RacialLeader`, `questItem1`, `questItem2`, `questItem3`, `questItem4`, `questItem5`, `questItem6`, `movementId`, `RegenHealth`, `mechanic_immune_mask`, `flags_extra`, `ScriptName`, `VerifiedBuild`) VALUES ('28619', '0', '0', '0', '0', '0', '16213', '0', '0', '0', 'Web Wrap', '', '', '0', '74', '74', '0', '14', '0', '1', '1', '1', '0', '328', '467', '0', '354', '1', '2000', '2000', '1', '131076', '2048', '0', '0', '0', '0', '0', '0', '287', '426', '63', '10', '0', '0', '0', '0', '0', '0', '0', '0', '0', '0', '0', '0', '0', '0', '0', '0', '0', '0', '0', '0', '0', '0', 'SmartAI', '0', '3', '1', '0.221043', '1', '1', '0', '0', '0', '0', '0', '0', '0', '0', '1', '0', '2', '', '12340');

-- --------- --
-- Anub'arak --
-- --------- --
-- Pound
DELETE FROM `spell_script_names` WHERE `spell_id` IN (53472, 59433);
-- Summon Carrion Beetles
DELETE FROM `spell_script_names` WHERE `spell_id`=53520;
-- New pet AI
DELETE FROM `smart_scripts` WHERE `entryorguid` IN (29213,29214,29216,29217,29184);
INSERT INTO `smart_scripts` (`entryorguid`, `source_type`, `id`, `link`, `event_type`, `event_phase_mask`, `event_chance`, `event_flags`, `event_param1`, `event_param2`, `event_param3`, `event_param4`, `action_type`, `action_param1`, `action_param2`, `action_param3`, `action_param4`, `action_param5`, `action_param6`, `target_type`, `target_param1`, `target_param2`, `target_param3`, `target_x`, `target_y`, `target_z`, `target_o`, `comment`) VALUES ('29184', '0', '0', '0', '60', '0', '100', '257', '0', '0', '0', '0', '11', '53455', '0', '0', '0', '0', '0', '1', '0', '0', '0', '0', '0', '0', '0', 'Impale Target - On Update - Cast Spell');
INSERT INTO `smart_scripts` (`entryorguid`, `source_type`, `id`, `link`, `event_type`, `event_phase_mask`, `event_chance`, `event_flags`, `event_param1`, `event_param2`, `event_param3`, `event_param4`, `action_type`, `action_param1`, `action_param2`, `action_param3`, `action_param4`, `action_param5`, `action_param6`, `target_type`, `target_param1`, `target_param2`, `target_param3`, `target_x`, `target_y`, `target_z`, `target_o`, `comment`) VALUES ('29184', '0', '1', '0', '60', '0', '100', '259', '4000', '4000', '0', '0', '11', '53454', '0', '0', '0', '0', '0', '1', '0', '0', '0', '0', '0', '0', '0', 'Impale Target - On Update - Cast Spell');
INSERT INTO `smart_scripts` (`entryorguid`, `source_type`, `id`, `link`, `event_type`, `event_phase_mask`, `event_chance`, `event_flags`, `event_param1`, `event_param2`, `event_param3`, `event_param4`, `action_type`, `action_param1`, `action_param2`, `action_param3`, `action_param4`, `action_param5`, `action_param6`, `target_type`, `target_param1`, `target_param2`, `target_param3`, `target_x`, `target_y`, `target_z`, `target_o`, `comment`) VALUES ('29184', '0', '2', '0', '60', '0', '100', '261', '4000', '4000', '0', '0', '11', '59446', '0', '0', '0', '0', '0', '1', '0', '0', '0', '0', '0', '0', '0', 'Impale Target - On Update - Cast Spell');
INSERT INTO `smart_scripts` (`entryorguid`, `source_type`, `id`, `link`, `event_type`, `event_phase_mask`, `event_chance`, `event_flags`, `event_param1`, `event_param2`, `event_param3`, `event_param4`, `action_type`, `action_param1`, `action_param2`, `action_param3`, `action_param4`, `action_param5`, `action_param6`, `target_type`, `target_param1`, `target_param2`, `target_param3`, `target_x`, `target_y`, `target_z`, `target_o`, `comment`) VALUES ('29184', '0', '3', '0', '60', '0', '100', '257', '4200', '4200', '0', '0', '28', '53455', '0', '0', '0', '0', '0', '1', '0', '0', '0', '0', '0', '0', '0', 'Impale Target - On Update - Remove Aura');
INSERT INTO `smart_scripts` (`entryorguid`, `source_type`, `id`, `link`, `event_type`, `event_phase_mask`, `event_chance`, `event_flags`, `event_param1`, `event_param2`, `event_param3`, `event_param4`, `action_type`, `action_param1`, `action_param2`, `action_param3`, `action_param4`, `action_param5`, `action_param6`, `target_type`, `target_param1`, `target_param2`, `target_param3`, `target_x`, `target_y`, `target_z`, `target_o`, `comment`) VALUES ('29184', '0', '4', '0', '25', '0', '100', '257', '0', '0', '0', '0', '41', '7000', '0', '0', '0', '0', '0', '1', '0', '0', '0', '0', '0', '0', '0', 'Impale Target - On Reset - Despawn');
INSERT INTO `smart_scripts` (`entryorguid`, `source_type`, `id`, `link`, `event_type`, `event_phase_mask`, `event_chance`, `event_flags`, `event_param1`, `event_param2`, `event_param3`, `event_param4`, `action_type`, `action_param1`, `action_param2`, `action_param3`, `action_param4`, `action_param5`, `action_param6`, `target_type`, `target_param1`, `target_param2`, `target_param3`, `target_x`, `target_y`, `target_z`, `target_o`, `comment`) VALUES ('29213', '0', '0', '0', '11', '0', '100', '0', '0', '0', '0', '0', '97', '20', '10', '1', '0', '0', '0', '21', '50', '0', '0', '0', '0', '0', '0', 'Anub\'ar Darter - On Respawn - Jump To Pos');
INSERT INTO `smart_scripts` (`entryorguid`, `source_type`, `id`, `link`, `event_type`, `event_phase_mask`, `event_chance`, `event_flags`, `event_param1`, `event_param2`, `event_param3`, `event_param4`, `action_type`, `action_param1`, `action_param2`, `action_param3`, `action_param4`, `action_param5`, `action_param6`, `target_type`, `target_param1`, `target_param2`, `target_param3`, `target_x`, `target_y`, `target_z`, `target_o`, `comment`) VALUES ('29213', '0', '1', '0', '0', '0', '100', '2', '4000', '5000', '7000', '7000', '11', '53602', '0', '0', '0', '0', '0', '1', '0', '0', '0', '0', '0', '0', '0', 'Anub\'ar Darter - In Combat - Cast Spell Dart');
INSERT INTO `smart_scripts` (`entryorguid`, `source_type`, `id`, `link`, `event_type`, `event_phase_mask`, `event_chance`, `event_flags`, `event_param1`, `event_param2`, `event_param3`, `event_param4`, `action_type`, `action_param1`, `action_param2`, `action_param3`, `action_param4`, `action_param5`, `action_param6`, `target_type`, `target_param1`, `target_param2`, `target_param3`, `target_x`, `target_y`, `target_z`, `target_o`, `comment`) VALUES ('29213', '0', '2', '0', '0', '0', '100', '4', '4000', '5000', '7000', '7000', '11', '59349', '0', '0', '0', '0', '0', '1', '0', '0', '0', '0', '0', '0', '0', 'Anub\'ar Darter - In Combat - Cast Spell Dart');
INSERT INTO `smart_scripts` (`entryorguid`, `source_type`, `id`, `link`, `event_type`, `event_phase_mask`, `event_chance`, `event_flags`, `event_param1`, `event_param2`, `event_param3`, `event_param4`, `action_type`, `action_param1`, `action_param2`, `action_param3`, `action_param4`, `action_param5`, `action_param6`, `target_type`, `target_param1`, `target_param2`, `target_param3`, `target_x`, `target_y`, `target_z`, `target_o`, `comment`) VALUES ('29214', '0', '0', '0', '11', '0', '100', '0', '0', '0', '0', '0', '97', '20', '10', '1', '0', '0', '0', '21', '50', '0', '0', '0', '0', '0', '0', 'Anub\'ar Assassin - On Respawn - Jump To Pos');
INSERT INTO `smart_scripts` (`entryorguid`, `source_type`, `id`, `link`, `event_type`, `event_phase_mask`, `event_chance`, `event_flags`, `event_param1`, `event_param2`, `event_param3`, `event_param4`, `action_type`, `action_param1`, `action_param2`, `action_param3`, `action_param4`, `action_param5`, `action_param6`, `target_type`, `target_param1`, `target_param2`, `target_param3`, `target_x`, `target_y`, `target_z`, `target_o`, `comment`) VALUES ('29214', '0', '1', '0', '67', '0', '100', '0', '5000', '5000', '0', '0', '11', '52540', '0', '0', '0', '0', '0', '2', '0', '0', '0', '0', '0', '0', '0', 'Anub\'ar Assassin - Behind Target - Cast Spell Backstab');
INSERT INTO `smart_scripts` (`entryorguid`, `source_type`, `id`, `link`, `event_type`, `event_phase_mask`, `event_chance`, `event_flags`, `event_param1`, `event_param2`, `event_param3`, `event_param4`, `action_type`, `action_param1`, `action_param2`, `action_param3`, `action_param4`, `action_param5`, `action_param6`, `target_type`, `target_param1`, `target_param2`, `target_param3`, `target_x`, `target_y`, `target_z`, `target_o`, `comment`) VALUES ('29216', '0', '0', '0', '0', '0', '100', '2', '5000', '8000', '6000', '6000', '11', '53618', '0', '0', '0', '0', '0', '2', '0', '0', '0', '0', '0', '0', '0', 'Anub\'ar Guardian - In Combat - Cast Spell Sunder Armor');
INSERT INTO `smart_scripts` (`entryorguid`, `source_type`, `id`, `link`, `event_type`, `event_phase_mask`, `event_chance`, `event_flags`, `event_param1`, `event_param2`, `event_param3`, `event_param4`, `action_type`, `action_param1`, `action_param2`, `action_param3`, `action_param4`, `action_param5`, `action_param6`, `target_type`, `target_param1`, `target_param2`, `target_param3`, `target_x`, `target_y`, `target_z`, `target_o`, `comment`) VALUES ('29216', '0', '1', '0', '0', '0', '100', '4', '5000', '8000', '6000', '6000', '11', '59350', '0', '0', '0', '0', '0', '2', '0', '0', '0', '0', '0', '0', '0', 'Anub\'ar Guardian - In Combat - Cast Spell Sunder Armor');
INSERT INTO `smart_scripts` (`entryorguid`, `source_type`, `id`, `link`, `event_type`, `event_phase_mask`, `event_chance`, `event_flags`, `event_param1`, `event_param2`, `event_param3`, `event_param4`, `action_type`, `action_param1`, `action_param2`, `action_param3`, `action_param4`, `action_param5`, `action_param6`, `target_type`, `target_param1`, `target_param2`, `target_param3`, `target_x`, `target_y`, `target_z`, `target_o`, `comment`) VALUES ('29216', '0', '2', '0', '0', '0', '100', '0', '2000', '3000', '8000', '8000', '11', '52532', '0', '0', '0', '0', '0', '2', '0', '0', '0', '0', '0', '0', '0', 'Anub\'ar Guardian - In Combat - Cast Spell Strike');
INSERT INTO `smart_scripts` (`entryorguid`, `source_type`, `id`, `link`, `event_type`, `event_phase_mask`, `event_chance`, `event_flags`, `event_param1`, `event_param2`, `event_param3`, `event_param4`, `action_type`, `action_param1`, `action_param2`, `action_param3`, `action_param4`, `action_param5`, `action_param6`, `target_type`, `target_param1`, `target_param2`, `target_param3`, `target_x`, `target_y`, `target_z`, `target_o`, `comment`) VALUES ('29217', '0', '0', '0', '0', '0', '100', '2', '5000', '8000', '18000', '22000', '11', '53616', '0', '0', '0', '0', '0', '2', '0', '0', '0', '0', '0', '0', '0', 'Anub\'ar Venomancer - In Combat - Cast Spell Poison Bolt Volley');
INSERT INTO `smart_scripts` (`entryorguid`, `source_type`, `id`, `link`, `event_type`, `event_phase_mask`, `event_chance`, `event_flags`, `event_param1`, `event_param2`, `event_param3`, `event_param4`, `action_type`, `action_param1`, `action_param2`, `action_param3`, `action_param4`, `action_param5`, `action_param6`, `target_type`, `target_param1`, `target_param2`, `target_param3`, `target_x`, `target_y`, `target_z`, `target_o`, `comment`) VALUES ('29217', '0', '1', '0', '0', '0', '100', '4', '5000', '8000', '18000', '22000', '11', '59360', '0', '0', '0', '0', '0', '2', '0', '0', '0', '0', '0', '0', '0', 'Anub\'ar Venomancer - In Combat - Cast Spell Poison Bolt Volley');
INSERT INTO `smart_scripts` (`entryorguid`, `source_type`, `id`, `link`, `event_type`, `event_phase_mask`, `event_chance`, `event_flags`, `event_param1`, `event_param2`, `event_param3`, `event_param4`, `action_type`, `action_param1`, `action_param2`, `action_param3`, `action_param4`, `action_param5`, `action_param6`, `target_type`, `target_param1`, `target_param2`, `target_param3`, `target_x`, `target_y`, `target_z`, `target_o`, `comment`) VALUES ('29217', '0', '2', '0', '0', '0', '100', '2', '2000', '3000', '7000', '7000', '11', '53617', '0', '0', '0', '0', '0', '2', '0', '0', '0', '0', '0', '0', '0', 'Anub\'ar Venomancer - In Combat - Cast Spell Poison Bolt');
INSERT INTO `smart_scripts` (`entryorguid`, `source_type`, `id`, `link`, `event_type`, `event_phase_mask`, `event_chance`, `event_flags`, `event_param1`, `event_param2`, `event_param3`, `event_param4`, `action_type`, `action_param1`, `action_param2`, `action_param3`, `action_param4`, `action_param5`, `action_param6`, `target_type`, `target_param1`, `target_param2`, `target_param3`, `target_x`, `target_y`, `target_z`, `target_o`, `comment`) VALUES ('29217', '0', '3', '0', '0', '0', '100', '4', '2000', '3000', '7000', '7000', '11', '59359', '0', '0', '0', '0', '0', '2', '0', '0', '0', '0', '0', '0', '0', 'Anub\'ar Venomancer - In Combat - Cast Spell Poison Bolt');

DELETE FROM `creature_template` WHERE `entry` IN (29213,29214,29216,29217,29184);
INSERT INTO `creature_template` (`entry`, `difficulty_entry_1`, `difficulty_entry_2`, `difficulty_entry_3`, `KillCredit1`, `KillCredit2`, `modelid1`, `modelid2`, `modelid3`, `modelid4`, `name`, `subname`, `IconName`, `gossip_menu_id`, `minlevel`, `maxlevel`, `exp`, `faction`, `npcflag`, `speed_walk`, `speed_run`, `scale`, `rank`, `mindmg`, `maxdmg`, `dmgschool`, `attackpower`, `dmg_multiplier`, `baseattacktime`, `rangeattacktime`, `unit_class`, `unit_flags`, `unit_flags2`, `dynamicflags`, `family`, `trainer_type`, `trainer_spell`, `trainer_class`, `trainer_race`, `minrangedmg`, `maxrangedmg`, `rangedattackpower`, `type`, `type_flags`, `lootid`, `pickpocketloot`, `skinloot`, `resistance1`, `resistance2`, `resistance3`, `resistance4`, `resistance5`, `resistance6`, `spell1`, `spell2`, `spell3`, `spell4`, `spell5`, `spell6`, `spell7`, `spell8`, `PetSpellDataId`, `VehicleId`, `mingold`, `maxgold`, `AIName`, `MovementType`, `InhabitType`, `HoverHeight`, `Health_mod`, `Mana_mod`, `Armor_mod`, `RacialLeader`, `questItem1`, `questItem2`, `questItem3`, `questItem4`, `questItem5`, `questItem6`, `movementId`, `RegenHealth`, `mechanic_immune_mask`, `flags_extra`, `ScriptName`, `VerifiedBuild`) VALUES ('29213', '31597', '0', '0', '0', '0', '26056', '0', '0', '0', 'Anub\'ar Darter', '', '', '0', '73', '73', '2', '21', '0', '1', '1.42857', '1', '0', '316', '450', '0', '320', '1', '2000', '2000', '1', '0', '2048', '0', '0', '0', '0', '0', '0', '278', '413', '58', '6', '0', '0', '0', '0', '0', '0', '0', '0', '0', '0', '0', '0', '0', '0', '0', '0', '0', '0', '0', '0', '0', '0', 'SmartAI', '0', '3', '1', '0.100604', '1', '1', '0', '0', '0', '0', '0', '0', '0', '144', '1', '8388624', '0', '', '12340');
INSERT INTO `creature_template` (`entry`, `difficulty_entry_1`, `difficulty_entry_2`, `difficulty_entry_3`, `KillCredit1`, `KillCredit2`, `modelid1`, `modelid2`, `modelid3`, `modelid4`, `name`, `subname`, `IconName`, `gossip_menu_id`, `minlevel`, `maxlevel`, `exp`, `faction`, `npcflag`, `speed_walk`, `speed_run`, `scale`, `rank`, `mindmg`, `maxdmg`, `dmgschool`, `attackpower`, `dmg_multiplier`, `baseattacktime`, `rangeattacktime`, `unit_class`, `unit_flags`, `unit_flags2`, `dynamicflags`, `family`, `trainer_type`, `trainer_spell`, `trainer_class`, `trainer_race`, `minrangedmg`, `maxrangedmg`, `rangedattackpower`, `type`, `type_flags`, `lootid`, `pickpocketloot`, `skinloot`, `resistance1`, `resistance2`, `resistance3`, `resistance4`, `resistance5`, `resistance6`, `spell1`, `spell2`, `spell3`, `spell4`, `spell5`, `spell6`, `spell7`, `spell8`, `PetSpellDataId`, `VehicleId`, `mingold`, `maxgold`, `AIName`, `MovementType`, `InhabitType`, `HoverHeight`, `Health_mod`, `Mana_mod`, `Armor_mod`, `RacialLeader`, `questItem1`, `questItem2`, `questItem3`, `questItem4`, `questItem5`, `questItem6`, `movementId`, `RegenHealth`, `mechanic_immune_mask`, `flags_extra`, `ScriptName`, `VerifiedBuild`) VALUES ('29214', '31586', '0', '0', '0', '0', '23820', '0', '0', '0', 'Anub\'ar Assassin', '', '', '0', '73', '73', '2', '21', '0', '0.833332', '1.71429', '1', '0', '316', '450', '0', '320', '1', '2000', '2000', '1', '0', '2048', '0', '0', '0', '0', '0', '0', '278', '413', '58', '6', '0', '0', '0', '0', '0', '0', '0', '0', '0', '0', '0', '0', '0', '0', '0', '0', '0', '0', '0', '0', '0', '0', 'SmartAI', '0', '3', '1', '0.251509', '1', '1', '0', '0', '0', '0', '0', '0', '0', '164', '1', '8388624', '0', '', '12340');
INSERT INTO `creature_template` (`entry`, `difficulty_entry_1`, `difficulty_entry_2`, `difficulty_entry_3`, `KillCredit1`, `KillCredit2`, `modelid1`, `modelid2`, `modelid3`, `modelid4`, `name`, `subname`, `IconName`, `gossip_menu_id`, `minlevel`, `maxlevel`, `exp`, `faction`, `npcflag`, `speed_walk`, `speed_run`, `scale`, `rank`, `mindmg`, `maxdmg`, `dmgschool`, `attackpower`, `dmg_multiplier`, `baseattacktime`, `rangeattacktime`, `unit_class`, `unit_flags`, `unit_flags2`, `dynamicflags`, `family`, `trainer_type`, `trainer_spell`, `trainer_class`, `trainer_race`, `minrangedmg`, `maxrangedmg`, `rangedattackpower`, `type`, `type_flags`, `lootid`, `pickpocketloot`, `skinloot`, `resistance1`, `resistance2`, `resistance3`, `resistance4`, `resistance5`, `resistance6`, `spell1`, `spell2`, `spell3`, `spell4`, `spell5`, `spell6`, `spell7`, `spell8`, `PetSpellDataId`, `VehicleId`, `mingold`, `maxgold`, `AIName`, `MovementType`, `InhabitType`, `HoverHeight`, `Health_mod`, `Mana_mod`, `Armor_mod`, `RacialLeader`, `questItem1`, `questItem2`, `questItem3`, `questItem4`, `questItem5`, `questItem6`, `movementId`, `RegenHealth`, `mechanic_immune_mask`, `flags_extra`, `ScriptName`, `VerifiedBuild`) VALUES ('29216', '31599', '0', '0', '0', '0', '23561', '0', '0', '0', 'Anub\'ar Guardian', '', '', '0', '73', '73', '2', '21', '0', '1', '2', '1', '1', '316', '450', '0', '320', '7.5', '2400', '2000', '1', '64', '2048', '0', '0', '0', '0', '0', '0', '278', '413', '58', '6', '0', '0', '0', '0', '0', '0', '0', '0', '0', '0', '0', '0', '0', '0', '0', '0', '0', '0', '0', '0', '0', '0', 'SmartAI', '0', '3', '1', '4', '1', '1', '0', '42108', '0', '0', '0', '0', '0', '180', '1', '8388624', '0', '', '12340');
INSERT INTO `creature_template` (`entry`, `difficulty_entry_1`, `difficulty_entry_2`, `difficulty_entry_3`, `KillCredit1`, `KillCredit2`, `modelid1`, `modelid2`, `modelid3`, `modelid4`, `name`, `subname`, `IconName`, `gossip_menu_id`, `minlevel`, `maxlevel`, `exp`, `faction`, `npcflag`, `speed_walk`, `speed_run`, `scale`, `rank`, `mindmg`, `maxdmg`, `dmgschool`, `attackpower`, `dmg_multiplier`, `baseattacktime`, `rangeattacktime`, `unit_class`, `unit_flags`, `unit_flags2`, `dynamicflags`, `family`, `trainer_type`, `trainer_spell`, `trainer_class`, `trainer_race`, `minrangedmg`, `maxrangedmg`, `rangedattackpower`, `type`, `type_flags`, `lootid`, `pickpocketloot`, `skinloot`, `resistance1`, `resistance2`, `resistance3`, `resistance4`, `resistance5`, `resistance6`, `spell1`, `spell2`, `spell3`, `spell4`, `spell5`, `spell6`, `spell7`, `spell8`, `PetSpellDataId`, `VehicleId`, `mingold`, `maxgold`, `AIName`, `MovementType`, `InhabitType`, `HoverHeight`, `Health_mod`, `Mana_mod`, `Armor_mod`, `RacialLeader`, `questItem1`, `questItem2`, `questItem3`, `questItem4`, `questItem5`, `questItem6`, `movementId`, `RegenHealth`, `mechanic_immune_mask`, `flags_extra`, `ScriptName`, `VerifiedBuild`) VALUES ('29217', '31607', '0', '0', '0', '0', '26076', '0', '0', '0', 'Anub\'ar Venomancer', '', '', '0', '73', '73', '2', '21', '0', '1', '1.71429', '1', '1', '270', '395', '0', '143', '7.5', '2400', '1900', '8', '64', '2048', '0', '0', '0', '0', '0', '0', '255', '380', '37', '6', '0', '0', '0', '0', '0', '0', '0', '0', '0', '0', '0', '0', '0', '0', '0', '0', '0', '0', '0', '0', '0', '0', 'SmartAI', '0', '3', '1', '4', '1', '1', '0', '42108', '0', '0', '0', '0', '0', '164', '1', '8388624', '0', '', '12340');
-- Impale
INSERT INTO `creature_template` (`entry`, `difficulty_entry_1`, `difficulty_entry_2`, `difficulty_entry_3`, `KillCredit1`, `KillCredit2`, `modelid1`, `modelid2`, `modelid3`, `modelid4`, `name`, `subname`, `IconName`, `gossip_menu_id`, `minlevel`, `maxlevel`, `exp`, `faction`, `npcflag`, `speed_walk`, `speed_run`, `scale`, `rank`, `mindmg`, `maxdmg`, `dmgschool`, `attackpower`, `dmg_multiplier`, `baseattacktime`, `rangeattacktime`, `unit_class`, `unit_flags`, `unit_flags2`, `dynamicflags`, `family`, `trainer_type`, `trainer_spell`, `trainer_class`, `trainer_race`, `minrangedmg`, `maxrangedmg`, `rangedattackpower`, `type`, `type_flags`, `lootid`, `pickpocketloot`, `skinloot`, `resistance1`, `resistance2`, `resistance3`, `resistance4`, `resistance5`, `resistance6`, `spell1`, `spell2`, `spell3`, `spell4`, `spell5`, `spell6`, `spell7`, `spell8`, `PetSpellDataId`, `VehicleId`, `mingold`, `maxgold`, `AIName`, `MovementType`, `InhabitType`, `HoverHeight`, `Health_mod`, `Mana_mod`, `Armor_mod`, `RacialLeader`, `questItem1`, `questItem2`, `questItem3`, `questItem4`, `questItem5`, `questItem6`, `movementId`, `RegenHealth`, `mechanic_immune_mask`, `flags_extra`, `ScriptName`, `VerifiedBuild`) VALUES ('29184', '0', '0', '0', '0', '0', '169', '11686', '0', '0', 'Impale Target', '', '', '0', '70', '70', '2', '114', '0', '1', '1.14286', '1', '0', '252', '357', '0', '304', '1', '2000', '2000', '1', '33685508', '2048', '0', '0', '0', '0', '0', '0', '215', '320', '44', '10', '0', '0', '0', '0', '0', '0', '0', '0', '0', '0', '0', '0', '0', '0', '0', '0', '0', '0', '0', '0', '0', '0', 'SmartAI', '0', '3', '1', '1.35', '1', '1', '0', '0', '0', '0', '0', '0', '0', '0', '1', '0', '130', '', '12340');

-- World triggers for Assassin spawns
DELETE FROM `creature` WHERE `guid` BETWEEN @CGUID+06 AND @CGUID+13;
DELETE FROM `creature` WHERE `guid` BETWEEN 127393 AND 127400;
INSERT INTO `creature` (`guid`, `id`, `map`, `spawnMask`, `phaseMask`, `modelid`, `equipment_id`, `position_x`, `position_y`, `position_z`, `orientation`, `spawntimesecs`, `spawndist`, `currentwaypoint`, `curhealth`, `curmana`, `MovementType`, `npcflag`, `unit_flags`, `dynamicflags`) VALUES ('127393', '22515', '601', '3', '1', '16925', '0', '566.164', '682.087', '769.079', '2.21657', '3600', '0', '0', '4120', '0', '0', '0', '0', '0');
INSERT INTO `creature` (`guid`, `id`, `map`, `spawnMask`, `phaseMask`, `modelid`, `equipment_id`, `position_x`, `position_y`, `position_z`, `orientation`, `spawntimesecs`, `spawndist`, `currentwaypoint`, `curhealth`, `curmana`, `MovementType`, `npcflag`, `unit_flags`, `dynamicflags`) VALUES ('127394', '22515', '601', '3', '1', '16925', '0', '529.042', '706.941', '777.298', '1.0821', '3600', '0', '0', '4120', '0', '0', '0', '0', '0');
INSERT INTO `creature` (`guid`, `id`, `map`, `spawnMask`, `phaseMask`, `modelid`, `equipment_id`, `position_x`, `position_y`, `position_z`, `orientation`, `spawntimesecs`, `spawndist`, `currentwaypoint`, `curhealth`, `curmana`, `MovementType`, `npcflag`, `unit_flags`, `dynamicflags`) VALUES ('127395', '22515', '601', '3', '1', '16925', '0', '489.975', '671.239', '772.131', '0.261799', '3600', '0', '0', '4120', '0', '0', '0', '0', '0');
INSERT INTO `creature` (`guid`, `id`, `map`, `spawnMask`, `phaseMask`, `modelid`, `equipment_id`, `position_x`, `position_y`, `position_z`, `orientation`, `spawntimesecs`, `spawndist`, `currentwaypoint`, `curhealth`, `curmana`, `MovementType`, `npcflag`, `unit_flags`, `dynamicflags`) VALUES ('127396', '22515', '601', '3', '1', '16925', '0', '488.556', '692.95', '771.764', '4.88692', '3600', '0', '0', '4120', '0', '0', '0', '0', '0');
INSERT INTO `creature` (`guid`, `id`, `map`, `spawnMask`, `phaseMask`, `modelid`, `equipment_id`, `position_x`, `position_y`, `position_z`, `orientation`, `spawntimesecs`, `spawndist`, `currentwaypoint`, `curhealth`, `curmana`, `MovementType`, `npcflag`, `unit_flags`, `dynamicflags`) VALUES ('127397', '22515', '601', '3', '1', '16925', '0', '553.34', '640.387', '777.419', '1.20428', '3600', '0', '0', '4120', '0', '0', '0', '0', '0');
INSERT INTO `creature` (`guid`, `id`, `map`, `spawnMask`, `phaseMask`, `modelid`, `equipment_id`, `position_x`, `position_y`, `position_z`, `orientation`, `spawntimesecs`, `spawndist`, `currentwaypoint`, `curhealth`, `curmana`, `MovementType`, `npcflag`, `unit_flags`, `dynamicflags`) VALUES ('127398', '22515', '601', '3', '1', '16925', '0', '517.486', '706.398', '777.335', '5.35816', '3600', '0', '0', '4120', '0', '0', '0', '0', '0');
INSERT INTO `creature` (`guid`, `id`, `map`, `spawnMask`, `phaseMask`, `modelid`, `equipment_id`, `position_x`, `position_y`, `position_z`, `orientation`, `spawntimesecs`, `spawndist`, `currentwaypoint`, `curhealth`, `curmana`, `MovementType`, `npcflag`, `unit_flags`, `dynamicflags`) VALUES ('127399', '22515', '601', '3', '1', '16925', '0', '504.01', '637.693', '777.479', '0.506145', '3600', '0', '0', '4120', '0', '0', '0', '0', '0');
INSERT INTO `creature` (`guid`, `id`, `map`, `spawnMask`, `phaseMask`, `modelid`, `equipment_id`, `position_x`, `position_y`, `position_z`, `orientation`, `spawntimesecs`, `spawndist`, `currentwaypoint`, `curhealth`, `curmana`, `MovementType`, `npcflag`, `unit_flags`, `dynamicflags`) VALUES ('127400', '22515', '601', '3', '1', '16925', '0', '552.625', '706.408', '777.177', '3.4383', '3600', '0', '0', '4120', '0', '0', '0', '0', '0');

-- Guardian spawn trigger
DELETE FROM `creature_summon_groups` WHERE `summonerId`=29120 AND `summonerType`=0;
-- Targeting info for Assassin spawns
DELETE FROM `conditions` WHERE `SourceTypeOrReferenceId`=13 AND `SourceEntry`=53609;

SET @Hadronox                := 28921;
SET @Crusher                 := 28922;
SET @NoSpellNecromancer      := 29119; -- These 3 are used for initial spawns and reinforcement groups
SET @NoSpellChampion         := 29117; -- -//-
SET @NoSpellFiend            := 29118; -- -//-
SET @AttackingNecromancer    := 28925; -- Periodically sent NPCs to attack player (max 3 for each front door)
SET @AttackingChampion       := 28924; -- -//-
SET @AttackingFiend          := 29051; -- -//-
SET @LARGE_TRIGGER_AOI       := 23472; -- Triggers used at doors to summon spider trash
SET @WP_Hadronox             := 28921*10; -- Hadronox path through tunnel
SET @WEB_SIDE_DOOR           := 53185; -- Spell used to "web" spawning doors
SET @WEB_FRONT_DOORS         := 53177; -- -//-
SET @StaticCrusher           := 127402; -- Guid of static spawned Crusher
SET @GUID1                   := 127379; -- Guids of 2 guards of initial Crusher
SET @GUID2                   := 127380; -- -//-

-- Delete addon data from previous mentioned wrong spanws
DELETE FROM `creature_addon` WHERE `guid`=127401; -- hadronox

-- Assign ScriptNames to creature_templates
UPDATE `creature_template` SET `ScriptName`='npc_anub_ar_crusher' WHERE `entry` IN (28922); -- Anub'Ar Crusher
UPDATE `creature_template` SET `ScriptName`='npc_anub_ar_champion' WHERE `entry` IN (29117,28924,29096,29062); -- Anub'Ar Champions
UPDATE `creature_template` SET `ScriptName`='npc_anub_ar_necromancer' WHERE `entry` IN (29119,28925,29064,29098); -- Anub'Ar Necromancers
UPDATE `creature_template` SET `ScriptName`='npc_anub_ar_crypt_fiend' WHERE `entry` IN (29118,29051,29063,29097); -- Anub'Ar Crypt Fiends

-- Remove smart_ai support where there was one
DELETE FROM `smart_scripts` WHERE `source_type`=0 AND `entryorguid` IN (@Crusher,@NoSpellChampion,@NoSpellNecromancer,@NoSpellFiend,@AttackingNecromancer,@AttackingFiend,@AttackingChampion,29062,29096,29063,29097,29064,29098);
UPDATE `creature_template` SET `AIName`='' WHERE `entry` IN (@Crusher,@NoSpellChampion,@NoSpellNecromancer,@NoSpellFiend,@AttackingNecromancer,@AttackingFiend,@AttackingChampion,29062,29096,29063,29097,29064,29098);

-- Insert into creature_text - Anub'ar Crusher and Hadronox texts
DELETE FROM `creature_text` WHERE `entry` IN (@Crusher,@Hadronox);
INSERT INTO `creature_text` (`entry`,`groupid`,`id`,`text`,`type`,`language`,`probability`,`emote`,`duration`,`sound`,`comment`,`TextRange`) VALUES
(@Crusher,0,0,'The gate has been breached! Quickly, divert forces to deal with these invaders!',14,0,100,1,2500,0,'Anub''ar Crusher',0),
(@Crusher,1,0,'%s goes into a frenzy!',41,0,100,1,1000,0,'Anub''ar Crusher',0),
(@Hadronox,0,0,'%s moves up the tunnel!',41,0,100,1,1000,0,'Hadronox',3);

-- Add some needed conditions
DELETE FROM `conditions` WHERE `SourceEntry` IN (53826,53827,53828,@WEB_SIDE_DOOR,@WEB_FRONT_DOORS) AND `SourceTypeOrReferenceId`=13;
INSERT INTO `conditions` (`SourceTypeOrReferenceId`, `SourceGroup`, `SourceEntry`, `SourceId`, `ElseGroup`, `ConditionTypeOrReference`, `ConditionTarget`, `ConditionValue1`, `ConditionValue2`, `ConditionValue3`, `NegativeCondition`, `ErrorTextId`, `ScriptName`, `Comment`) VALUES
-- Don't asky me why, but they hit only the very caster implicitly?!
(13,1,53826,0,0,31,0,3,23472,0,0,0,'', 'Event 0 of Anub''ar Champion can hit only trigger'),
(13,1,53826,0,0,33,0,1,0,0,0,0,'', 'Event 2 of  Anub''ar Champion caster and hit target can only be same npc'),
(13,1,53827,0,0,31,0,3,23472,0,0,0,'', 'Event 0 of  Anub''ar Necromancer can hit only trigger'),
(13,1,53827,0,0,33,0,1,0,0,0,0,'', 'Event 2 of  Anub''ar Necromancer caster and hit target can only be same npc'),
(13,1,53828,0,0,31,0,3,23472,0,0,0,'', 'Event 0 of  Anub''ar Crypt Fiend can hit only trigger'),
(13,1,53828,0,0,33,0,1,0,0,0,0,'', 'Event 2 of  Anub''ar Crypt Fiend caster and hit target can only be same npc'),
(13,1,@WEB_SIDE_DOOR,0,0,31,0,3,23472,0,0,0,'', 'Web Side Door can hit only World Trigger Large AOI'),
(13,1,@WEB_FRONT_DOORS,0,0,31,0,3,23472,0,0,0,'', 'Web Front Doors can hit only World Trigger Large AOI');

-- Insert into waypoint_data - Hadronox waypoints on the way up
DELETE FROM `waypoint_data` WHERE `id`=@WP_Hadronox;
INSERT INTO `waypoint_data` (`id`, `point`, `position_x`, `position_y`, `position_z`, `orientation`, `delay`, `move_type`, `action`, `action_chance`, `wpguid`) VALUES
(@WP_Hadronox,1,530.406128,539.697144,678.06640,0,1,0,0,100,0),
(@WP_Hadronox,2,539.736572,533.151306,684.36322,0,1,0,0,100,0),
(@WP_Hadronox,3,554.09241,520.610229,690.13574,0,1,0,0,100,0),
(@WP_Hadronox,4,573.976929,513.072876,698.37188,0,1,0,0,100,0),
(@WP_Hadronox,5,566.644714,513.355530,698.91723,0,1,0,0,100,0),
(@WP_Hadronox,6,584.711609,509.847137,696.98925,0,1,0,0,100,0),
(@WP_Hadronox,7,588.071411,511.273407,695.12219,0,1,0,0,100,0),
(@WP_Hadronox,8,602.654419,511.136871,694.73089,0,1,0,0,100,0),
(@WP_Hadronox,9,617.250305,522.585205,695.48046,0,1,0,0,100,0),
(@WP_Hadronox,10,623.674683,536.210999,704.561,0,1,0,0,100,0),
(@WP_Hadronox,11,620.4,561.0,717.8,0,1,0,0,100,0),
(@WP_Hadronox,12,602.9,579.5,724.0,0,1,0,0,100,0),
(@WP_Hadronox,13,532.5,560.0,732.0,0,0,1,0,100,0);

-- Update orientation of the guards of initial Crusher
UPDATE `creature` SET `orientation`=4.8 WHERE `guid` IN (@GUID1,@GUID2);

-- Linked respawn - remove linked_respawn of unblizzlike spawned trash
DELETE FROM `linked_respawn` WHERE `guid` IN (127379,127380);

-- Linked respawn - link initial spawned in db first Crusher's group to first boss death in order to bound the id,
-- since Hadronox actions are permanent (and adds won't reset on even rest, also bound triggers).
DELETE FROM `linked_respawn` WHERE `guid` IN (@StaticCrusher,@GUID1,@GUID2,127376,127377,127378);
INSERT INTO `linked_respawn` (`guid`,`linkedGuid`,`linkType`) VALUES
(@GUID1,127214,0),
(@GUID2,127214,0),
(@StaticCrusher,127214,0),
(127376,127214,0), -- Large Trigger AOI
(127377,127214,0), -- -//-
(127378,127214,0); -- -//-

-- Add all 3 auras to each of the invisible triggers
DELETE FROM `creature_addon` WHERE `guid` IN (127376,127377,127378);
INSERT INTO `creature_addon` (`guid`, `path_id`, `mount`, `bytes1`, `bytes2`, `emote`, `auras`) VALUES
(127376,0,0,0,1,0, '53035 53036 53037'), -- Anub'ar Champion, Necromancer and Crypt Fiend Periodic
(127377,0,0,0,1,0, '53035 53036 53037'), -- Anub'ar Champion, Necromancer and Crypt Fiend Periodic
(127378,0,0,0,1,0, '53035 53036 53037'); -- Anub'ar Champion, Necromancer and Crypt Fiend Periodic

-- Update orientations of triggers to set webbed doors animation correctly
UPDATE `creature` SET `orientation`=2.4360 WHERE `guid`=127377;
UPDATE `creature` SET `orientation`=0.694 WHERE `guid`=127378;
UPDATE `creature` SET `orientation`=2.202 WHERE `guid`=127376;

-- Creature template addon updates - add missing auras to some trash adds
DELETE FROM `creature_template_addon` WHERE `entry` IN (@AttackingChampion,@AttackingNecromancer,@AttackingFiend,29117,29118,29119,29062,29063,29064,29096,29097,29098,@Hadronox);
INSERT INTO `creature_template_addon` (`entry`, `path_id`, `mount`, `bytes1`, `bytes2`, `emote`, `auras`) VALUES
-- All these 53255 auras are used to check if event was reseted
(@AttackingChampion,0,0,0,1,0, '53255'),
(@AttackingNecromancer,0,0,0,1,0, '53255'),
(@AttackingFiend,0,0,0,1,0, '53255'),
(29117,0,0,0,1,0, ''),
(29118,0,0,0,1,0, ''),
(29119,0,0,0,1,0, ''),
(29063,0,0,0,1,0, ''),
(29097,0,0,0,1,0, ''),
(29062,0,0,0,1,0, ''),
(29096,0,0,0,1,0, ''),
(29064,0,0,0,1,0, ''),
(29098,0,0,0,1,0, ''),
(@Hadronox,0,0,0,1,0, '');

-- Update position - Adjust Hadronox spawning position
UPDATE `creature` SET `position_x`=515.5848,`position_y`=544.2007,`position_z`=673.6272,`orientation`=5.647 WHERE `guid`=127401;

-- Add spelldifficulty spells
DELETE FROM `spelldifficulty_dbc` WHERE `id` IN (53030,53400,57731,53406,53318,53330,53322,53317,53394);
INSERT INTO `spelldifficulty_dbc`(`id`,`spellid0`,`spellid1`) VALUES
(53030,53030,59417), -- Spell Leech Poison
(53400,53400,59419), -- Spell Acid Cloud
(57731,57731,59421), -- Spell Web Grab - cast only when players are fighting boss
(53406,53406,59420), -- Spell Web Grab - cast when players aren't fighting boss
(53318,53318,59346), -- Spell Smash used by Anub'Ar Crusher
(53330,53330,59348), -- Spell Infected Wounds used by Anub'Ar Crypt Fiend
(53322,53322,59347), -- Spell Crushing Webs used by Anub'Ar Crypt Fiend
(53317,53317,59343), -- Spell Rend used by Anub'Ar Champion
(53394,53394,59344); -- Spell Pummel used by Anub'Ar Champion

-- Add spell_script names
DELETE FROM `spell_script_names` WHERE `spell_id` IN (53030,59417,53035,53037,53036,@WEB_FRONT_DOORS,@WEB_SIDE_DOOR,53255);
INSERT INTO `spell_script_names` (`spell_id`, `ScriptName`) VALUES
(53030, 'spell_hadronox_leech_poison'),
(59417, 'spell_hadronox_leech_poison'),
(53035, 'spell_trigger_large_aoi_summon_anubar_champion_periodic'),
(53037, 'spell_trigger_large_aoi_summon_anubar_crypt_fiend_periodic'),
(53036, 'spell_trigger_large_aoi_summon_anubar_necromancer_periodic'),
(53255, 'spell_hadronox_event_check_reset'),
(@WEB_FRONT_DOORS, 'spell_hadronox_web_front_doors'),
(@WEB_SIDE_DOOR, 'spell_hadronox_web_side_door');

-- Remove http://www.wowhead.com/achievement=1297 "Hadronox Denied" from disabled
DELETE FROM `disables` WHERE `sourceType`=4 AND `entry`=4244;

-- Achievement criteria data - instance script support
DELETE FROM `achievement_criteria_data` WHERE `criteria_id`=4244 AND `type`=11;
INSERT INTO `achievement_criteria_data` (`criteria_id`,`type`,`value1`,`value2`,`ScriptName`) VALUES
(4244,11,0,0, 'achievement_hadronox_denied');

-- Add crusher reinforcement groups to summon groups
DELETE FROM `creature_summon_groups` WHERE `summonerId` IN (@LARGE_TRIGGER_AOI);
INSERT INTO `creature_summon_groups` (`summonerId`,`summonerType`,`groupId`,`entry`,`position_x`,`position_y`,`position_z`,`orientation`,`summonType`,`summonTime`) VALUES
(@LARGE_TRIGGER_AOI,0,0,@Crusher,476.3005,620.2604,771.4703,5.4,8,0),
(@LARGE_TRIGGER_AOI,0,0,@NoSpellNecromancer,476.3005,620.2604,771.4703,5.4,8,0),
(@LARGE_TRIGGER_AOI,0,0,@NoSpellChampion,476.3005,620.2604,771.4703,5.4,8,0),
(@LARGE_TRIGGER_AOI,0,1,@Crusher,584.8197,618.6154,771.4528,3.9,8,0),
(@LARGE_TRIGGER_AOI,0,1,@NoSpellNecromancer,584.8197,618.6154,771.4528,3.9,8,0),
(@LARGE_TRIGGER_AOI,0,1,@NoSpellFiend,584.8197,618.6154,771.4528,3.9,8,0);


DELETE FROM `creature_loot_template` WHERE `entry` = 29915;
INSERT INTO `creature_loot_template` (`entry`, `item`, `ChanceOrQuestChance`, `lootmode`, `groupid`, `mincountOrRef`, `maxcount`) VALUES ('29915', '43089', '100', '1', '0', '1', '1');
INSERT INTO `creature_loot_template` (`entry`, `item`, `ChanceOrQuestChance`, `lootmode`, `groupid`, `mincountOrRef`, `maxcount`) VALUES ('29915', '41843', '100', '1', '0', '1', '1');
INSERT INTO `creature_loot_template` (`entry`, `item`, `ChanceOrQuestChance`, `lootmode`, `groupid`, `mincountOrRef`, `maxcount`) VALUES ('29915', '45912', '0.1', '1', '0', '1', '1');
INSERT INTO `creature_loot_template` (`entry`, `item`, `ChanceOrQuestChance`, `lootmode`, `groupid`, `mincountOrRef`, `maxcount`) VALUES ('29915', '41989', '33', '1', '0', '1', '1');
